id,sensor_id,series_num,suntech_id,timestamp,updated_at,installed,telemetry,suntech,company,plate,installation_date
MIC8767790427121753,ETL4718937222929439,4,693086173433,2026-01-06,2026-08-05 11:53:25.897924,True,entrack,693086173433,leste,TFE6H05,2026-07-21
MIC7952031891471590,ETL7952031891471590,6,,2026-03-18,2026-03-18 11:51:29.539832,True,mix,,predileto,RJO6I53,2026-03-18
MIC1009016058992021,ETL8355798954801671,12,,2024-07-05,2025-12-10 19:36:52.528153,True,mix,,predileto,LUA5E58,2024-07-12
MIC3982343538817967,ETL3178405820036359,22,,2024-09-02,2025-12-10 19:36:52.528153,True,mix,,manchur,KYA9508,2024-09-23
MIC1700087363643403,ETL0644031280801291,25,,2024-08-14,2025-12-10 19:36:52.528153,True,mix,,logika,SRJ7J95,2024-07-15
MIC0420088851272205,ETL0722351549011447,26,,2024-08-14,2025-12-10 19:36:52.528153,True,mix,,logika,SR07H79,2024-07-15
MIC3004645420106011,ETL2608402025435219,32,1700006560,2024-09-06,2026-02-05 13:52:53.033824,True,suntech,1700006560,predileto,RJT5E02,2026-02-06
MIC5282201573701056,ETL0683710290391369,39,,2025-01-22,2026-08-06 11:34:47.926958,True,mix,,predileto,PPQ9017,2026-05-06
MIC3823236370877649,ETL6578802337391315,40,,2024-07-22,2026-05-07 18:43:47.443355,True,mix,,predileto,SRV2A57,
MIC7134953037031427,ETL3863483931777729,43,,2024-09-11,2026-07-10 12:35:28.004698,True,mix,,mosaic,CP027,2026-03-20
MIC2531412298395065,ETL4789072663689581,45,1700006717,2024-09-11,2025-12-10 19:36:52.528153,True,suntech,1700006717,felka,MOV1T23,
MIC1680328263723363,ETL4635230778769273,49,,2024-09-19,2025-12-10 19:36:52.528153,True,mix,,sighir,RKU6C18,2025-04-23
MIC3182182747866367,ETL9208237860851841,50,,2024-09-26,2026-07-23 11:18:03.697081,True,mix,,mosaic,PC483,2026-02-06
MIC7403205350531480,ETL8837867438511767,55,,2024-10-10,2026-07-10 12:35:02.886470,True,mix,,mosaic,CS004,2025-11-24
MIC6338119162771267,ETL0901365350641805,56,,2024-10-10,2026-08-07 12:12:07.625380,True,mix,,mosaic,CR009,2025-11-28
MIC5029412170001006,ETL8776102488231755,59,,2024-10-10,2026-08-07 11:33:41.457540,True,mix,,mosaic,CS002,2025-11-26
MIC0299405858092084,ETL7904014738041581,61,,2024-10-10,2026-07-23 11:46:21.553211,True,mix,,mosaic,CS001,2026-01-07
MIC7163632440681432,ETL0427555768222212,64,,2024-10-30,2025-12-10 19:36:52.528153,True,mix,,felka,SRO0A73,2024-11-13
MIC8391098167751678,ETL0722351549011447,68,,2024-10-03,2026-08-07 13:49:55.734252,True,mix,,mosaic,RE 624,2026-02-20
MIC0840450964631683,ETL0629539395031261,69,,2024-10-03,2026-08-06 16:55:47.471284,True,mix,,mosaic,CS008,2025-11-26
MIC8786854761611757,ETL4539291256529081,71,,2024-10-03,2026-07-10 12:34:25.666234,True,mix,,mosaic,CS007,2025-11-26
MIC6377937822871275,ETL4561650033549125,73,,2024-10-03,2026-07-10 12:35:59.916327,True,mix,,mosaic,CS006,2025-11-26
MIC3081748632166165,ETL9813916739331962,74,,2024-10-03,2026-08-04 11:08:18.277965,True,mix,,mosaic,CR52,2026-03-20
MIC4350422168198703,ETL7438099899121487,75,,2024-10-03,2026-08-03 18:21:44.231208,True,mix,,mosaic,CS003,2025-11-24
MIC9437586587151887,ETL4997218731869997,77,,2024-10-03,2026-07-10 12:33:38.527063,True,mix,,mosaic,Mosaic,2025-11-07
MIC3098859247566199,ETL0937258572111877,78,,2024-10-03,2026-07-10 12:40:09.088421,True,mix,,mosaic,C948,2026-03-20
MIC4078753995728159,ETL9774011016701955,80,,2024-10-03,2026-07-10 12:38:28.837175,True,mix,,mosaic,C986,2026-03-20
MIC7807516597511561,ETL0155192586531940,82,,2024-10-03,2026-07-10 12:34:48.539148,True,mix,,mosaic,MN870,2026-02-20
MIC0135455240141920,ETL8785212595141757,83,,2024-10-03,2026-07-10 12:43:54.322183,True,mix,,mosaic,C1112,2026-03-18
MIC4170760350828343,ETL5154081357601031,84,,2024-10-03,2026-07-17 16:45:47.028834,True,mix,,mosaic,CS005,2025-12-11
MIC5607914308461121,ETL7920978189021584,85,,2024-10-03,2026-07-10 12:36:27.835452,True,mix,,mosaic,CR27,2026-03-05
MIC0147064274141932,ETL9623330761251924,86,,2024-10-03,2026-07-10 12:43:47.717136,True,mix,,mosaic,C 958,2026-02-11
MIC0700118267351403,ETL1986800777113975,87,,2024-10-03,2026-07-13 11:35:00.293789,True,mix,,mosaic,CP004,2026-03-20
MIC6622132453901324,ETL6836861188871367,89,,2024-10-03,2026-07-13 16:56:05.152009,True,mix,,mosaic,CP001,2026-03-18
MIC9359292576921872,ETL6388431474671277,90,,2024-10-03,2026-07-10 12:33:47.338789,True,mix,,mosaic,RE624,2026-03-18
MIC3064277073476131,ETL4356193351968715,91,,2024-10-03,2026-07-22 11:49:44.606411,True,mix,,mosaic,MN869,2026-03-20
MIC3090046911436183,ETL2382956489864767,92,,2024-10-03,2026-08-05 15:01:08.687350,True,mix,,mosaic,CS011,2025-11-26
MIC5815579257951163,ETL9260380627991852,93,,2024-10-17,2026-07-10 12:36:19.465939,True,mix,,mosaic,CR 34,2026-01-14
MIC0485257155082270,ETL1479034996272961,96,,2024-10-03,2026-07-10 12:43:31.864173,True,mix,,mosaic,CR018,2025-11-26
MIC4727975779229457,ETL7435556695751487,97,,2024-10-03,2026-07-10 12:37:46.509079,True,mix,,mosaic,C 948,2026-02-11
MIC1948651225973899,ETL7023816672941404,98,,2024-10-29,2025-12-10 19:36:52.528153,True,mix,,felka,SQV3I75,2024-11-06
MIC5047006919701009,ETL2058117026914119,107,1700008078,2025-01-21,2025-12-10 19:36:52.528153,True,suntech,1700008078,manchur,BANCADA,2025-02-11
MIC7175010152851435,ETL6239456648821248,110,1700008076,2025-01-22,2025-12-10 19:36:52.528153,True,suntech,1700008076,predileto,RKG9C70,2025-02-21
MIC7090259388371418,ETL6281887215841256,121,1700008079,2025-02-17,2026-05-25 17:06:59.092463,True,suntech,1700008079,predileto,RJY4B66,2025-02-19
MIC8084049256771617,ETL2166234311614335,133,,2025-02-25,2025-12-10 19:36:52.528153,True,mix,,manchur,SRK8F90,2025-06-02
MIC4429591587468861,ETL7823767103681564,136,,2025-03-13,2026-05-12 12:41:16.187493,True,mix,,predileto,RJX3J88,
MIC4641788453129285,ETL9992152044531998,140,,2025-01-22,2026-03-16 18:58:46.202791,True,mix,,predileto,RKH8A44,2026-03-18
MIC9841426819471968,ETL8345276071041669,150,,2025-01-22,2025-12-10 19:36:52.528153,True,mix,,predileto,RJZ4C27,2025-12-05
MIC7308347130581461,ETL3783901667157569,156,,2025-04-16,2025-12-10 19:36:52.528153,True,mix,,predileto,RJX6I60,2025-12-22
MIC7493682282201498,ETL7713859388651542,157,,2025-04-16,2026-07-28 13:35:44.525906,True,mix,,predileto,RKO8A59,2026-03-05
MIC8564316425111713,ETL3572804701517147,158,,2025-04-16,2026-07-20 12:12:44.881748,True,mix,,predileto,SQV7F79,2026-02-20
MIC7699351591631540,ETL5273539300831054,159,,2025-04-16,2025-12-10 19:36:52.528153,True,mix,,predileto,SRN1B14,
MIC4341356936278685,ETL4218856816478439,161,,2026-01-29,2026-01-29 12:49:01.019704,True,mix,,predileto,RKR8A05,2025-06-18
MIC5534658062311107,ETL0051383525101836,162,,2025-07-01,2026-08-07 12:15:28.333754,True,mix,,predileto,RKL5C01,2025-05-30
MIC9558193970261911,ETL6474449870241295,163,,2025-04-16,2025-12-10 19:36:52.528153,True,mix,,predileto,RJS5A13,2026-02-20
MIC6795935748551359,ETL1871574040423745,164,,2025-04-16,2026-05-07 18:33:04.105531,True,mix,,predileto,RJG6H37,2025-10-27
MIC0266017949512051,ETL2571543883405145,166,,2025-04-16,2025-12-10 19:36:52.528153,True,mix,,predileto,RJZ6G46,2025-05-27
MIC9297275654111859,ETL9319593176061864,167,,2025-04-16,2025-12-10 19:36:52.528153,True,mix,,predileto,RKC9H51,2025-05-30
MIC7491597966861498,ETL6260777109131252,172,1700006721,2025-09-24,2026-06-02 13:57:52.422180,True,suntech,1700006721,predileto,EMPRIO,2025-11-07
MIC0990885423811983,ETL2533584730825069,174,1700006712,2025-05-06,2025-12-10 19:36:52.528153,True,suntech,1700006712,bellavia,EOJ5I60,2026-05-12
MIC4875498327299753,ETL1660583439003323,175,,2026-02-04,2026-02-04 13:14:37.504790,True,mix,,predileto,QRH8I97,2026-03-10
MIC0549488490481101,ETL2391402880294785,176,1700006561,2025-05-08,2025-12-10 19:36:52.528153,True,suntech,1700006561,thomaz,BEI5H39,2025-06-11
MIC8011826929391602,ETL0772628906931547,178,1700006558,2025-05-14,2025-12-10 19:36:52.528153,True,suntech,1700006558,klabin,RHI3C91,2025-04-06
MIC1868677529293739,ETL6691950631911338,180,1700006724,2025-05-14,2026-04-30 16:52:51.485397,True,suntech,1700006724,klabin,FGT9B86,2025-09-06
MIC5738341846131147,ETL0172523241531957,181,1700006723,2025-05-19,2025-12-10 19:36:52.528153,True,suntech,1700006723,bellavia,SPX4A02,2025-06-11
MIC5863698225831172,ETL7594335873141519,182,1700008077,2025-05-14,2025-12-10 19:36:52.528153,True,suntech,1700008077,klabin,SEQ3J35,2025-07-30
MIC0503435435401009,ETL4302802423508607,185,1700006720,2025-09-23,2026-07-07 16:22:34.032229,True,suntech,1700006720,ricker,JAO1G85,2025-12-04
MIC4192971182498387,ETL3143159125686289,187,413058164889,2025-06-02,2026-06-02 15:00:28.663343,True,entrack,413058164889,sighir,MACAE,2026-05-14
MIC4791703356689585,ETL9025433737411805,194,,2025-07-09,2026-08-10 16:56:10.562515,True,mix,,sighir,SRA4H41,2024-10-03
MIC7295066304401459,ETL0995816552451993,195,,2025-07-09,2026-04-01 19:44:24.444088,True,mix,,predileto,SRV2A94,2025-07-21
MIC3817141494817637,ETL7337783780571467,199,,2025-07-09,2025-12-10 19:36:52.528153,True,mix,,predileto,SRE5D58,2025-11-07
MIC8826555221551765,ETL3952335624737907,201,,2025-07-10,2026-04-15 11:03:04.726103,True,mix,,predileto,QRM8G34,2025-07-22
MIC2464350799024931,ETL9198814487981839,211,1700009999,2025-07-21,2026-07-23 19:30:14.474028,True,suntech,1700009999,ricker,SQZ7I20,2026-01-21
MIC0483049134592268,ETL8059806548361612,212,1700009988,2025-07-21,2026-02-18 11:19:48.204650,True,suntech,1700009988,predileto,EMP009,2025-07-28
MIC1842534003213687,ETL5405249717821081,216,1700009975,2025-08-20,2025-12-10 19:36:52.528153,True,suntech,1700009975,predileto,SRU4A50,2026-06-28
MIC4602253209879207,ETL0875347575341753,218,1700009967,2025-09-01,2026-07-23 18:28:41.138675,True,suntech,1700009967,ricker,TTD7F73,2025-11-03
MIC5121377371221024,ETL3812406011147627,222,1700009998,2025-09-18,2026-01-15 13:09:30.086799,True,suntech,1700009998,felka,RJA7A37,2025-09-23
MIC3252059728436507,ETL6479238163351296,225,,2025-09-25,2026-02-27 18:53:06.635160,True,mix,,predileto,KZI3171,2025-09-25
MIC7502737493841500,ETL1198893017502399,226,1700009993,2025-09-29,2026-07-29 12:45:21.803057,True,suntech,1700009993,predileto,SRQ8A62,2025-10-08
MIC8443966547941688,ETL6756536853621351,228,,2025-09-29,2026-01-21 17:24:07.851882,True,mix,,predileto,RJM4H64,2025-11-26
MIC2798322020265599,ETL1291139855142585,229,1700009979,2025-10-09,2025-12-10 19:36:52.528153,True,suntech,1700009979,scania,SSC2A45,2025-11-03
MIC4146501518208295,ETL6346590315721269,230,170006720,2025-10-09,2026-01-28 15:17:50.813259,True,suntech,170006720,predileto,RJV1A55,2025-12-04
MIC8901831499111780,ETL1533433870923069,232,1700009989,2025-12-01,2026-07-23 18:19:19.071324,True,suntech,1700009989,ricker,JBL6F29,2025-12-11
MIC2510615791315023,ETL3736766395887475,234,1700009987,2025-11-11,2025-12-17 16:17:15.575424,True,suntech,1700009987,zirix,TUL2A69,2025-12-11
MIC4854748663669711,ETL9546342982951909,235,1700009969,2025-10-29,2026-07-23 18:32:25.853620,True,suntech,1700009969,ricker,JBC1E74,2026-01-21
MIC4803724793129609,ETL7214625807071443,239,1700016715,2025-11-18,2026-07-23 19:29:17.716005,True,suntech,1700016715,ricker,SQX8C74,2025-12-02
MIC5040407178981008,ETL1058849656272119,243,,2025-11-28,2026-07-10 12:37:06.960337,True,mix,,mosaic,CS010,2025-11-26
MIC2948811743345899,ETL7510723228811502,248,,2026-01-12,2026-06-03 11:31:44.772782,True,mix,,predileto,RJE2J65,2026-03-06
MIC2064936644074131,ETL4112824992998227,250,1700009966,2026-01-07,2026-05-19 14:13:41.369661,True,suntech,1700009966,sighir,sighir_polo,2026-05-19
MIC4077984683408157,ETL0008251153641793,251,1700023893,2026-01-07,2026-06-11 11:41:54.541965,True,suntech,1700023893,sighir,RKG1H48,2025-04-30
MIC7701672413901540,ETL0402817970182187,253,,2026-01-07,2026-02-04 13:42:30.470656,True,mix,,predileto,RJP4I71,2026-02-06
MIC9241813428471848,ETL7113906304081422,254,1700024672,2026-01-06,2026-07-18 18:06:53.363559,True,suntech,1700024672,ricker,TTW7B29,2026-01-21
MIC7055839215641411,ETL9565585422791913,261,,2026-01-26,2026-05-21 13:17:28.144897,True,mix,,predileto,QRM8G13,2026-03-05
MIC5283053322081056,ETL3913417385807829,266,,2026-01-12,2026-01-22 19:08:03.670412,True,mix,,predileto,RJT8B80,2026-01-21
MIC8973648618031794,ETL757937879712151,267,,2026-01-12,2026-01-22 16:48:15.287014,True,mix,,predileto,SRD5I52,2026-01-21
MIC9935714618981987,ETL3026129285386055,269,,2026-01-12,2026-06-15 13:58:05.726641,True,mix,,predileto,LUE9A29,2024-07-23
MIC0374648453142159,ETL2548687976215099,270,,2026-01-12,2026-05-05 13:43:43.265791,True,mix,,predileto,RJE6F03,2026-01-21
MIC3474296550936951,ETL5405249717821081,276,1700024671,2025-03-19,2026-08-11 11:57:29.414554,True,suntech,1700024671,predileto,RJK1D03,2026-02-02
MIC5714118030701143,ETL0008251153641793,278,1700006714,2026-02-05,2026-07-23 19:49:22.618643,True,suntech,1700006714,ricker,TUA3D42,2026-02-20
MIC8571552569341714,ETL0101291102381886,280,1700023896,2026-02-09,2026-03-12 13:12:53.713075,True,suntech,1700023896,predileto,SSA7F80,2026-03-20
MIC6635280015591327,ETL7005976425621401,281,,2026-01-15,2026-03-12 12:12:44.804352,True,mix,,predileto,RKV6J92,2026-03-13
MIC8617190551451723,ETL327927636885656,282,,2026-03-10,2026-05-28 18:03:30.860306,True,mix,,predileto,RKC6G52,2026-03-13
MIC9272967618681854,ETL274869002371549,283,,2026-03-10,2026-03-10 16:45:01.136210,True,mix,,predileto,RJR7C09,2026-03-18
MIC2654251818395311,ETL751072322881150,284,,2026-03-10,2026-03-10 17:16:10.456910,True,mix,,predileto,QRM7G63,2026-03-18
MIC8167315358131633,ETL610688793439122,285,,2026-03-10,2026-03-10 17:48:03.913467,True,mix,,predileto,SSD0C26,2026-03-18
MIC7182391889581436,ETL494969691987990,286,,2026-03-12,2026-06-18 17:05:45.297741,True,mix,,predileto,QRM8G28,2026-03-20
MIC1463335332662929,ETL208433789588417,287,,2026-03-12,2026-03-12 17:43:31.663608,True,mix,,predileto,SRS7J58,2026-03-20
MIC4873408674369749,ETL3446787421566895,288,,2026-03-12,2026-03-12 18:08:12.792240,True,mix,,predileto,SRG0F03,2026-03-27
MIC0879284142111761,ETL010129110238188,289,,2026-03-12,2026-04-07 14:39:53.123569,True,mix,,predileto,RKG5D43,2026-03-20
MIC4871848185139745,ETL4770558264639543,290,671075402675,2026-03-17,2026-06-22 15:20:25.258691,True,entrack,671075402675,sighir,SRU9C79,2026-01-14
MIC8708795299331741,ETL6827858009151365,291,,2026-03-19,2026-06-09 13:08:14.171641,True,mix,,andrade,Teste Entrack,2026-06-01
MIC0079077295181864,ETL5900104893471180,292,,2026-03-23,2026-08-10 17:42:32.475543,True,mix,,logika,SRW1E70,2026-07-20
MIC5068263214101013,ETL3369366480176741,293,,2026-03-24,2026-03-26 15:09:44.573482,True,mix,,logika,SRV9I49,2026-04-17
MIC8182385509701636,ETL4226932022688455,294,,2026-03-24,2026-07-27 12:51:12.780744,True,mix,,logika,RJM1B06,2026-03-27
MIC9429535575791886,ETL8102835538111620,295,,2026-03-24,2026-07-20 20:21:38.365789,True,mix,,logika,SRP8B03,2026-07-20
MIC0155178983031940,ETL7141500086211428,296,,2026-04-01,2026-04-01 12:43:03.278561,True,mix,,predileto,RJI1C01,2026-05-12
MIC7305583231151461,ETL6709603414621342,297,1700023884,2026-04-01,2026-07-23 19:20:15.700236,True,suntech,1700023884,ricker,TUI6C37,2026-06-16
MIC5193550907101038,ETL9618567986041923,298,1700023896,2026-04-01,2026-07-13 20:25:44.778290,True,suntech,1700023896,ricker,JAX7B99,2026-06-16
MIC0014246467341799,ETL3550904305917103,299,1700023877,2026-05-26,2026-06-02 15:35:53.946349,True,suntech,1700023877,detector,SYM4F89,2026-05-26
MIC5267773628771053,ETL2130883641064263,301,,2026-04-29,2026-04-29 17:17:08.543927,True,mix,,predileto,SRK8A84,2026-05-12
MIC9459469802071892,ETL441224605128882,302,,2026-04-29,2026-04-29 17:42:26.006509,True,mix,,predileto,SRP0A45,2026-05-05
MIC6628888901721325,ETL5501447410121100,303,,2026-04-29,2026-04-29 18:32:18.695447,True,mix,,predileto,SSC2A28,2026-05-12
MIC5219749327191044,ETL558097971095111,305,,2026-04-30,2026-04-30 13:11:12.459117,True,mix,,predileto,RKG9C05,2026-05-12
MIC5949938607321190,ETL7592474269641518,307,,2026-04-30,2026-04-30 14:03:55.013456,True,mix,,predileto,SQV6D04,2026-05-05
MIC4169182339378341,ETL110290530804220,308,,2026-04-30,2026-04-30 17:45:00.774715,True,mix,,predileto,RJT9G28,2026-05-12
MIC1563513907743129,ETL6691950631911338,309,,2026-04-30,2026-04-30 17:10:27.966873,True,mix,,predileto,RJQ3F02,2026-05-12
MIC6051776861821210,ETL9783719749281956,310,1700023883,2026-05-06,2026-07-29 14:31:39.261461,True,suntech,1700023883,predileto,TTM3D82,2026-06-22
MIC3460577981536923,ETL3189129883396381,312,,2026-06-24,2026-06-24 18:22:28.478819,True,mix,,atvos,UBU2I57,2026-07-01
MIC8391422140241678,ETL0356038730752141,313,,2026-06-24,2026-06-24 19:36:44.300187,True,mix,,atvos,UBR9J42,2026-07-01
MIC9481843474461896,ETL3211827303066425,318,1700009996,2026-07-14,2026-07-14 16:36:29.374548,True,suntech,1700009996,faje,LRA2597,2026-08-04
MIC0857288188281717,ETL0686743878371375,319,1700010001,2026-06-24,2026-07-27 16:57:30.643311,True,suntech,1700010001,faje,TUO7J31,2026-07-25
MIC8747271166681749,ETL3166169224066335,321,1700023887,2026-07-16,2026-07-22 10:28:49.302901,True,suntech,1700023887,contatto,EJX6E23,2026-07-17
MIC0245834793632030,ETL8795189949141759,322,1700024669,2026-07-01,2026-07-14 18:32:15.632110,True,suntech,1700024669,faje,SRV4F51,2026-07-22
MIC2824659041515651,ETL7016580521711403,325,1700023897,2026-07-15,2026-07-15 18:49:21.741190,True,suntech,1700023897,faje,LUO3I89,2026-07-25
MIC3746566632057495,ETL3850432974637703,327,693086018547,2026-07-20,2026-07-27 16:38:04.600950,True,entrack,693086018547,sighir,MALETA_SIGHIR,2026-06-01
MIC7161855067661432,ETL7161855067661432,329,1700006725,2026-07-20,2026-07-20 17:17:00.633705,True,suntech,1700006725,predileto,SRI3E32,2026-07-20
MIC2964578494695931,ETL6186117015801237,332,1700023886,2026-07-23,2026-07-23 18:07:35.963291,True,suntech,1700023886,ricker,TUH4A08,2026-08-04
MIC4489677039908981,ETL9263776954081852,333,1700009988,2026-07-23,2026-07-23 17:19:22.317096,True,suntech,1700009988,ricker,TTB8B76,2026-07-31
