Placa do veículo;Empresa;Tipo de veículo;Eventos;Data do recebimento do evento
KQS4378;FAJE LOGISTICA E TRANSPORTE;Caminhão;Início do Tempo de Manobra;24/08/2026, 10:01:00
KQS4378;FAJE LOGISTICA E TRANSPORTE;Caminhão;Veículo Desbloqueado;24/08/2026, 09:58:59
KQS4378;FAJE LOGISTICA E TRANSPORTE;Caminhão;Teste Realizado;24/08/2026, 09:58:56
KQS4378;FAJE LOGISTICA E TRANSPORTE;Caminhão;Leitura Sem Álcool;24/08/2026, 09:58:53
KQS4378;FAJE LOGISTICA E TRANSPORTE;Caminhão;Sopro Realizado;24/08/2026, 09:58:33
SQZ7I20;RICKER TRANSPORTES LTDA;Caminhão;Veículo Desbloqueado;24/08/2026, 09:50:57
SQZ7I20;RICKER TRANSPORTES LTDA;Caminhão;Teste Realizado;24/08/2026, 09:50:54
SQZ7I20;RICKER TRANSPORTES LTDA;Caminhão;Leitura Sem Álcool;24/08/2026, 09:50:51
SQZ7I20;RICKER TRANSPORTES LTDA;Caminhão;Sopro Realizado;24/08/2026, 09:50:31
TTD7F73;RICKER TRANSPORTES LTDA;Caminhão;Veículo Bloqueado;24/08/2026, 09:47:01
TTD7F73;RICKER TRANSPORTES LTDA;Caminhão;Fim do Tempo de Manobra;24/08/2026, 09:46:54
TTD7F73;RICKER TRANSPORTES LTDA;Caminhão;Veículo Desbloqueado;24/08/2026, 09:44:21
TTD7F73;RICKER TRANSPORTES LTDA;Caminhão;Teste Realizado;24/08/2026, 09:44:18
TTD7F73;RICKER TRANSPORTES LTDA;Caminhão;Leitura Sem Álcool;24/08/2026, 09:44:15
TTD7F73;RICKER TRANSPORTES LTDA;Caminhão;Sopro Realizado;24/08/2026, 09:43:55
RKG9C70;EXPRESSO PREDILETO;Caminhão;Veículo desligado;24/08/2026, 09:42:51
RKG9C70;EXPRESSO PREDILETO;Caminhão;Veículo Bloqueado;24/08/2026, 09:42:50
KZI3171;SIGHIR ENTERPRISE LTDA;Caminhão;Veículo Desbloqueado;24/08/2026, 09:42:36
KZI3171;SIGHIR ENTERPRISE LTDA;Caminhão;Teste Realizado;24/08/2026, 09:42:33
KZI3171;SIGHIR ENTERPRISE LTDA;Caminhão;Leitura Sem Álcool;24/08/2026, 09:42:30
KZI3171;SIGHIR ENTERPRISE LTDA;Caminhão;Sopro Realizado;24/08/2026, 09:42:10
RKG9C70;EXPRESSO PREDILETO;Caminhão;Teste Adiado;24/08/2026, 09:38:19
RKG9C70;EXPRESSO PREDILETO;Caminhão;Veículo Desbloqueado;24/08/2026, 09:38:18
KZI3171;SIGHIR ENTERPRISE LTDA;Caminhão;Veículo Bloqueado;24/08/2026, 09:35:02
KZI3171;SIGHIR ENTERPRISE LTDA;Caminhão;Fim do Tempo de Manobra;24/08/2026, 09:34:55
MALETA_SIGHIR;SIGHIR ENTERPRISE LTDA;Caminhão;Sopro Realizado;24/08/2026, 09:33:32
MALETA_SIGHIR;SIGHIR ENTERPRISE LTDA;Caminhão;Veículo Desbloqueado;24/08/2026, 09:30:15
MALETA_SIGHIR;SIGHIR ENTERPRISE LTDA;Caminhão;Teste Realizado;24/08/2026, 09:30:14
MALETA_SIGHIR;SIGHIR ENTERPRISE LTDA;Caminhão;Leitura Sem Álcool;24/08/2026, 09:30:10
KZI3171;SIGHIR ENTERPRISE LTDA;Caminhão;Início do Tempo de Manobra;24/08/2026, 09:29:54
MALETA_SIGHIR;SIGHIR ENTERPRISE LTDA;Caminhão;Sopro Realizado;24/08/2026, 09:29:49
MALETA_SIGHIR;SIGHIR ENTERPRISE LTDA;Caminhão;$ETEV36!;24/08/2026, 09:29:02
MALETA_SIGHIR;SIGHIR ENTERPRISE LTDA;Caminhão;Dispositivo Inicializado;24/08/2026, 09:29:02
MALETA_SIGHIR;SIGHIR ENTERPRISE LTDA;Caminhão;Firmware Atualizado;24/08/2026, 09:28:50
RJK1D03;EXPRESSO PREDILETO;Caminhão;Sem Sopro;24/08/2026, 09:25:32
RJY4B66;EXPRESSO PREDILETO;Caminhão;Sem Sopro;24/08/2026, 09:23:56
RJK1D03;EXPRESSO PREDILETO;Caminhão;Dispositivo Inicializado;24/08/2026, 09:22:30
RJK1D03;EXPRESSO PREDILETO;Caminhão;Sem Sopro;24/08/2026, 09:22:11
TTD7F73;RICKER TRANSPORTES LTDA;Caminhão;Veículo Bloqueado;24/08/2026, 09:19:16
TTD7F73;RICKER TRANSPORTES LTDA;Caminhão;Fim do Tempo de Manobra;24/08/2026, 09:19:09
TTD7F73;RICKER TRANSPORTES LTDA;Caminhão;Veículo Desbloqueado;24/08/2026, 09:17:47
TTD7F73;RICKER TRANSPORTES LTDA;Caminhão;Teste Realizado;24/08/2026, 09:17:44
TTD7F73;RICKER TRANSPORTES LTDA;Caminhão;Leitura Sem Álcool;24/08/2026, 09:17:41
TTD7F73;RICKER TRANSPORTES LTDA;Caminhão;Sopro Realizado;24/08/2026, 09:17:21
TTD7F73;RICKER TRANSPORTES LTDA;Caminhão;Veículo Bloqueado;24/08/2026, 09:14:36
TTD7F73;RICKER TRANSPORTES LTDA;Caminhão;Fim do Tempo de Manobra;24/08/2026, 09:14:30
TTD7F73;RICKER TRANSPORTES LTDA;Caminhão;Veículo Desbloqueado;24/08/2026, 09:10:48
TTD7F73;RICKER TRANSPORTES LTDA;Caminhão;Teste Realizado;24/08/2026, 09:10:45
TTD7F73;RICKER TRANSPORTES LTDA;Caminhão;Leitura Sem Álcool;24/08/2026, 09:10:42
TTD7F73;RICKER TRANSPORTES LTDA;Caminhão;Sopro Realizado;24/08/2026, 09:10:22
TTD7F73;RICKER TRANSPORTES LTDA;Caminhão;Veículo Bloqueado;24/08/2026, 08:51:14
TTD7F73;RICKER TRANSPORTES LTDA;Caminhão;Fim do Tempo de Manobra;24/08/2026, 08:51:08
KZI3171;SIGHIR ENTERPRISE LTDA;Caminhão;Veículo Desbloqueado;24/08/2026, 08:48:04
KZI3171;SIGHIR ENTERPRISE LTDA;Caminhão;Teste Realizado;24/08/2026, 08:48:02
KZI3171;SIGHIR ENTERPRISE LTDA;Caminhão;Leitura Sem Álcool;24/08/2026, 08:47:59
RJY4B66;EXPRESSO PREDILETO;Caminhão;Veículo Bloqueado;24/08/2026, 08:47:07
RJY4B66;EXPRESSO PREDILETO;Caminhão;Fim do Tempo de Manobra;24/08/2026, 08:47:00
KZI3171;SIGHIR ENTERPRISE LTDA;Caminhão;Veículo Bloqueado;24/08/2026, 08:42:26
TTD7F73;RICKER TRANSPORTES LTDA;Caminhão;Veículo Desbloqueado;24/08/2026, 08:40:23
TTD7F73;RICKER TRANSPORTES LTDA;Caminhão;Teste Realizado;24/08/2026, 08:40:20
TTD7F73;RICKER TRANSPORTES LTDA;Caminhão;Leitura Sem Álcool;24/08/2026, 08:40:18
TTD7F73;RICKER TRANSPORTES LTDA;Caminhão;Sopro Realizado;24/08/2026, 08:39:58
RKG9C70;EXPRESSO PREDILETO;Caminhão;Veículo Bloqueado;24/08/2026, 08:28:52
TTD7F73;RICKER TRANSPORTES LTDA;Caminhão;Dispositivo Inicializado;24/08/2026, 08:28:38
TTD7F73;RICKER TRANSPORTES LTDA;Caminhão;Veículo Bloqueado;24/08/2026, 08:28:24
TTD7F73;RICKER TRANSPORTES LTDA;Caminhão;Fim do Tempo de Manobra;24/08/2026, 08:28:17
RKG9C70;EXPRESSO PREDILETO;Caminhão;Modo Manobrista Ativado;24/08/2026, 08:27:53
RKG9C70;EXPRESSO PREDILETO;Caminhão;Veículo desligado;24/08/2026, 08:27:53
LRA2597;FAJE LOGISTICA E TRANSPORTE;Caminhão;Sem Sopro;24/08/2026, 08:24:19
RJY4B66;EXPRESSO PREDILETO;Caminhão;Veículo Desbloqueado;24/08/2026, 08:02:55
RJY4B66;EXPRESSO PREDILETO;Caminhão;Teste Realizado;24/08/2026, 08:02:52
RJY4B66;EXPRESSO PREDILETO;Caminhão;Leitura Sem Álcool;24/08/2026, 08:02:49
RJY4B66;EXPRESSO PREDILETO;Caminhão;Sopro Realizado;24/08/2026, 08:02:29
RJY4B66;EXPRESSO PREDILETO;Caminhão;Sem Sopro;24/08/2026, 08:02:18
RKG9C70;EXPRESSO PREDILETO;Caminhão;Veículo ligado;24/08/2026, 08:01:44
RKG9C70;EXPRESSO PREDILETO;Caminhão;Veículo Desbloqueado;24/08/2026, 08:01:39
RKG9C70;EXPRESSO PREDILETO;Caminhão;Leitura Sem Álcool;24/08/2026, 08:01:36
RKG9C70;EXPRESSO PREDILETO;Caminhão;Teste Realizado;24/08/2026, 08:01:33
RKG9C70;EXPRESSO PREDILETO;Caminhão;Sopro Realizado;24/08/2026, 08:01:13
KZI3171;SIGHIR ENTERPRISE LTDA;Caminhão;Teste Randômico;24/08/2026, 07:54:15
RJY4B66;EXPRESSO PREDILETO;Caminhão;Veículo Bloqueado;24/08/2026, 07:50:15
RJY4B66;EXPRESSO PREDILETO;Caminhão;Fim do Tempo de Manobra;24/08/2026, 07:50:09
KZI3171;SIGHIR ENTERPRISE LTDA;Caminhão;Veículo Desbloqueado;24/08/2026, 07:50:03
KZI3171;SIGHIR ENTERPRISE LTDA;Caminhão;Teste Realizado;24/08/2026, 07:50:00
KZI3171;SIGHIR ENTERPRISE LTDA;Caminhão;Leitura Sem Álcool;24/08/2026, 07:49:57
KZI3171;SIGHIR ENTERPRISE LTDA;Caminhão;Sopro Realizado;24/08/2026, 07:49:37
RJY4B66;EXPRESSO PREDILETO;Caminhão;Veículo Desbloqueado;24/08/2026, 07:47:47
RJY4B66;EXPRESSO PREDILETO;Caminhão;Teste Realizado;24/08/2026, 07:47:43
RJY4B66;EXPRESSO PREDILETO;Caminhão;Leitura Sem Álcool;24/08/2026, 07:47:40
RJY4B66;EXPRESSO PREDILETO;Caminhão;Sopro Realizado;24/08/2026, 07:47:20
TFE6H05;CONSTRUTORA CENTRO LESTE S/A;Caminhão;Dispositivo Inicializado;24/08/2026, 07:25:41
RJY4B66;EXPRESSO PREDILETO;Caminhão;Sem Sopro;24/08/2026, 07:23:05
TFE6H05;CONSTRUTORA CENTRO LESTE S/A;Caminhão;Veículo Bloqueado;24/08/2026, 07:11:23
TFE6H05;CONSTRUTORA CENTRO LESTE S/A;Caminhão;Fim do Tempo de Manobra;24/08/2026, 07:11:16
TFE6H05;CONSTRUTORA CENTRO LESTE S/A;Caminhão;Início do Tempo de Manobra;24/08/2026, 07:10:45
LRA2597;FAJE LOGISTICA E TRANSPORTE;Caminhão;Sem Sopro;24/08/2026, 07:05:29
TFE6H05;CONSTRUTORA CENTRO LESTE S/A;Caminhão;Veículo Desbloqueado;24/08/2026, 06:48:31
TFE6H05;CONSTRUTORA CENTRO LESTE S/A;Caminhão;Teste Realizado;24/08/2026, 06:48:29
TFE6H05;CONSTRUTORA CENTRO LESTE S/A;Caminhão;Leitura Sem Álcool;24/08/2026, 06:48:26
TFE6H05;CONSTRUTORA CENTRO LESTE S/A;Caminhão;Sopro Realizado;24/08/2026, 06:48:06
TFE6H05;CONSTRUTORA CENTRO LESTE S/A;Caminhão;Sem Sopro;24/08/2026, 06:47:28
LRA2597;FAJE LOGISTICA E TRANSPORTE;Caminhão;Sem Sopro;24/08/2026, 05:48:12
TUI6C37;RICKER TRANSPORTES LTDA;Caminhão;Veículo Desbloqueado;24/08/2026, 05:28:59
TUI6C37;RICKER TRANSPORTES LTDA;Caminhão;Teste Realizado;24/08/2026, 05:28:56
TUI6C37;RICKER TRANSPORTES LTDA;Caminhão;Leitura Sem Álcool;24/08/2026, 05:28:53
TUI6C37;RICKER TRANSPORTES LTDA;Caminhão;Sopro Realizado;24/08/2026, 05:28:35
TUI6C37;RICKER TRANSPORTES LTDA;Caminhão;Sem Sopro;24/08/2026, 05:27:58
TTD7F73;RICKER TRANSPORTES LTDA;Caminhão;Veículo Desbloqueado;24/08/2026, 05:01:45
TTD7F73;RICKER TRANSPORTES LTDA;Caminhão;Teste Realizado;24/08/2026, 05:01:42
TTD7F73;RICKER TRANSPORTES LTDA;Caminhão;Leitura Sem Álcool;24/08/2026, 05:01:39
TTD7F73;RICKER TRANSPORTES LTDA;Caminhão;Sopro Realizado;24/08/2026, 05:01:19
RJY4B66;EXPRESSO PREDILETO;Caminhão;Veículo Bloqueado;23/08/2026, 20:20:03
RJY4B66;EXPRESSO PREDILETO;Caminhão;Fim do Tempo de Manobra;23/08/2026, 20:19:56
TUA3D42;RICKER TRANSPORTES LTDA;Caminhão;Dispositivo Inicializado;23/08/2026, 19:28:22
KZI3171;SIGHIR ENTERPRISE LTDA;Caminhão;Veículo Desbloqueado;23/08/2026, 19:02:03
KZI3171;SIGHIR ENTERPRISE LTDA;Caminhão;Veículo Desbloqueado;23/08/2026, 18:58:03
KZI3171;SIGHIR ENTERPRISE LTDA;Caminhão;Desbloqueio em Modo Manobrista;23/08/2026, 18:58:01
KZI3171;SIGHIR ENTERPRISE LTDA;Caminhão;Veículo Desbloqueado;23/08/2026, 18:54:39
KZI3171;SIGHIR ENTERPRISE LTDA;Caminhão;Desbloqueio em Modo Manobrista;23/08/2026, 18:54:36
KZI3171;SIGHIR ENTERPRISE LTDA;Caminhão;Modo Manobrista Ativado;23/08/2026, 18:07:28
KZI3171;SIGHIR ENTERPRISE LTDA;Caminhão;Início do Tempo de Manobra;23/08/2026, 18:07:26
KZI3171;SIGHIR ENTERPRISE LTDA;Caminhão;Veículo Desbloqueado;23/08/2026, 18:04:14
KZI3171;SIGHIR ENTERPRISE LTDA;Caminhão;Teste Realizado;23/08/2026, 18:04:12
KZI3171;SIGHIR ENTERPRISE LTDA;Caminhão;Leitura Sem Álcool;23/08/2026, 18:04:09
KZI3171;SIGHIR ENTERPRISE LTDA;Caminhão;Sopro Realizado;23/08/2026, 18:03:49
TUO7J31;FAJE LOGISTICA E TRANSPORTE;Caminhão;Sem Sopro;23/08/2026, 17:52:54
RJY4B66;EXPRESSO PREDILETO;Caminhão;Veículo Desbloqueado;23/08/2026, 17:48:22
RJY4B66;EXPRESSO PREDILETO;Caminhão;Teste Realizado;23/08/2026, 17:48:20
RJY4B66;EXPRESSO PREDILETO;Caminhão;Leitura Sem Álcool;23/08/2026, 17:48:20
RJY4B66;EXPRESSO PREDILETO;Caminhão;Sopro Realizado;23/08/2026, 17:48:19
KQS4378;FAJE LOGISTICA E TRANSPORTE;Caminhão;Veículo Bloqueado;23/08/2026, 17:21:44
KQS4378;FAJE LOGISTICA E TRANSPORTE;Caminhão;Fim do Tempo de Manobra;23/08/2026, 17:21:37
KQS4378;FAJE LOGISTICA E TRANSPORTE;Caminhão;Início do Tempo de Manobra;23/08/2026, 17:16:36
KQS4378;FAJE LOGISTICA E TRANSPORTE;Caminhão;Veículo Desbloqueado;23/08/2026, 17:14:58
KQS4378;FAJE LOGISTICA E TRANSPORTE;Caminhão;Teste Realizado;23/08/2026, 17:14:55
KQS4378;FAJE LOGISTICA E TRANSPORTE;Caminhão;Leitura Sem Álcool;23/08/2026, 17:14:53
KQS4378;FAJE LOGISTICA E TRANSPORTE;Caminhão;Sopro Realizado;23/08/2026, 17:14:33
RJY4B66;EXPRESSO PREDILETO;Caminhão;Veículo Bloqueado;23/08/2026, 17:09:31
RJY4B66;EXPRESSO PREDILETO;Caminhão;Fim do Tempo de Manobra;23/08/2026, 17:09:31
KQS4378;FAJE LOGISTICA E TRANSPORTE;Caminhão;Veículo Bloqueado;23/08/2026, 16:52:13
KQS4378;FAJE LOGISTICA E TRANSPORTE;Caminhão;Fim do Tempo de Manobra;23/08/2026, 16:52:06
KQS4378;FAJE LOGISTICA E TRANSPORTE;Caminhão;Início do Tempo de Manobra;23/08/2026, 16:47:05
TFE6H05;CONSTRUTORA CENTRO LESTE S/A;Caminhão;Temperatura Alta;23/08/2026, 16:24:16
KQS4378;FAJE LOGISTICA E TRANSPORTE;Caminhão;Veículo Desbloqueado;23/08/2026, 16:21:03
KQS4378;FAJE LOGISTICA E TRANSPORTE;Caminhão;Teste Realizado;23/08/2026, 16:21:00
KQS4378;FAJE LOGISTICA E TRANSPORTE;Caminhão;Leitura Sem Álcool;23/08/2026, 16:20:57
KQS4378;FAJE LOGISTICA E TRANSPORTE;Caminhão;Sopro Realizado;23/08/2026, 16:20:37
TFE6H05;CONSTRUTORA CENTRO LESTE S/A;Caminhão;Temperatura Alta;23/08/2026, 16:09:16
RJY4B66;EXPRESSO PREDILETO;Caminhão;Veículo Desbloqueado;23/08/2026, 15:54:17
RJY4B66;EXPRESSO PREDILETO;Caminhão;Teste Randômico Realizado;23/08/2026, 15:54:16
RJY4B66;EXPRESSO PREDILETO;Caminhão;Leitura Sem Álcool;23/08/2026, 15:54:16
RJY4B66;EXPRESSO PREDILETO;Caminhão;Sopro Realizado;23/08/2026, 15:54:14
RJY4B66;EXPRESSO PREDILETO;Caminhão;Teste Randômico;23/08/2026, 15:53:31
KQS4378;FAJE LOGISTICA E TRANSPORTE;Caminhão;Veículo Bloqueado;23/08/2026, 15:50:42
KQS4378;FAJE LOGISTICA E TRANSPORTE;Caminhão;Fim do Tempo de Manobra;23/08/2026, 15:50:35
KQS4378;FAJE LOGISTICA E TRANSPORTE;Caminhão;Início do Tempo de Manobra;23/08/2026, 15:45:34
RKG9C70;EXPRESSO PREDILETO;Caminhão;Veículo Bloqueado;23/08/2026, 15:33:29
RKG9C70;EXPRESSO PREDILETO;Caminhão;Modo Manobrista Ativado;23/08/2026, 15:32:30
RKG9C70;EXPRESSO PREDILETO;Caminhão;Veículo desligado;23/08/2026, 15:32:30
LRA2597;FAJE LOGISTICA E TRANSPORTE;Caminhão;Dispositivo Inicializado;23/08/2026, 15:28:00
TFE6H05;CONSTRUTORA CENTRO LESTE S/A;Caminhão;Temperatura Alta;23/08/2026, 15:24:16
SQZ7I20;RICKER TRANSPORTES LTDA;Caminhão;Dispositivo Inicializado;23/08/2026, 15:17:12
TFE6H05;CONSTRUTORA CENTRO LESTE S/A;Caminhão;Temperatura Alta;23/08/2026, 15:09:16
KQS4378;FAJE LOGISTICA E TRANSPORTE;Caminhão;Veículo Desbloqueado;23/08/2026, 14:55:33
KQS4378;FAJE LOGISTICA E TRANSPORTE;Caminhão;Teste Realizado;23/08/2026, 14:55:30
KQS4378;FAJE LOGISTICA E TRANSPORTE;Caminhão;Leitura Sem Álcool;23/08/2026, 14:55:27
KQS4378;FAJE LOGISTICA E TRANSPORTE;Caminhão;Sopro Realizado;23/08/2026, 14:55:07
KQS4378;FAJE LOGISTICA E TRANSPORTE;Caminhão;Veículo Bloqueado;23/08/2026, 14:53:56
SRV4F51;FAJE LOGISTICA E TRANSPORTE;Caminhão;Sem Sopro;23/08/2026, 14:51:16
SRV4F51;FAJE LOGISTICA E TRANSPORTE;Caminhão;Dispositivo Inicializado;23/08/2026, 14:49:22
TUO7J31;FAJE LOGISTICA E TRANSPORTE;Caminhão;Sem Sopro;23/08/2026, 14:48:49
SRV4F51;FAJE LOGISTICA E TRANSPORTE;Caminhão;Sem Sopro;23/08/2026, 14:42:37
TFE6H05;CONSTRUTORA CENTRO LESTE S/A;Caminhão;Temperatura Alta;23/08/2026, 14:24:16
TFE6H05;CONSTRUTORA CENTRO LESTE S/A;Caminhão;Temperatura Alta;23/08/2026, 14:09:15
RKG9C70;EXPRESSO PREDILETO;Caminhão;Veículo ligado;23/08/2026, 14:07:21
RKG9C70;EXPRESSO PREDILETO;Caminhão;Veículo Desbloqueado;23/08/2026, 14:07:16
RKG9C70;EXPRESSO PREDILETO;Caminhão;Leitura Sem Álcool;23/08/2026, 14:07:13
RKG9C70;EXPRESSO PREDILETO;Caminhão;Teste Realizado;23/08/2026, 14:07:10
RKG9C70;EXPRESSO PREDILETO;Caminhão;Sopro Realizado;23/08/2026, 14:06:52
KQS4378;FAJE LOGISTICA E TRANSPORTE;Caminhão;Motorista Não Autorizado;23/08/2026, 13:56:01
RJY4B66;EXPRESSO PREDILETO;Caminhão;Veículo Desbloqueado;23/08/2026, 13:53:07
RJY4B66;EXPRESSO PREDILETO;Caminhão;Teste Realizado;23/08/2026, 13:53:04
RJY4B66;EXPRESSO PREDILETO;Caminhão;Leitura Sem Álcool;23/08/2026, 13:53:01
RJY4B66;EXPRESSO PREDILETO;Caminhão;Sopro Realizado;23/08/2026, 13:52:41
KQS4378;FAJE LOGISTICA E TRANSPORTE;Caminhão;Sem Sopro;23/08/2026, 13:50:59
RKG9C70;EXPRESSO PREDILETO;Caminhão;Veículo Bloqueado;23/08/2026, 13:42:57
RKG9C70;EXPRESSO PREDILETO;Caminhão;Modo Manobrista Ativado;23/08/2026, 13:41:58
RKG9C70;EXPRESSO PREDILETO;Caminhão;Veículo desligado;23/08/2026, 13:41:58
KQS4378;FAJE LOGISTICA E TRANSPORTE;Caminhão;Teste Adiado;23/08/2026, 13:39:19
KQS4378;FAJE LOGISTICA E TRANSPORTE;Caminhão;Veículo Desbloqueado;23/08/2026, 13:39:18
KQS4378;FAJE LOGISTICA E TRANSPORTE;Caminhão;Veículo Bloqueado;23/08/2026, 13:36:35
KQS4378;FAJE LOGISTICA E TRANSPORTE;Caminhão;Veículo Bloqueado;23/08/2026, 13:36:10
KQS4378;FAJE LOGISTICA E TRANSPORTE;Caminhão;Teste Realizado;23/08/2026, 13:36:07
KQS4378;FAJE LOGISTICA E TRANSPORTE;Caminhão;Álcool Detectado (0.023 mg/L);23/08/2026, 13:36:06
KQS4378;FAJE LOGISTICA E TRANSPORTE;Caminhão;Álcool Detectado (0.023 mg/L);23/08/2026, 13:36:03
KQS4378;FAJE LOGISTICA E TRANSPORTE;Caminhão;Sopro Realizado;23/08/2026, 13:35:43
KQS4378;FAJE LOGISTICA E TRANSPORTE;Caminhão;Veículo Bloqueado;23/08/2026, 13:25:24
KQS4378;FAJE LOGISTICA E TRANSPORTE;Caminhão;Fim do Tempo de Manobra;23/08/2026, 13:25:17
KQS4378;FAJE LOGISTICA E TRANSPORTE;Caminhão;Início do Tempo de Manobra;23/08/2026, 13:20:16
SRV4F51;FAJE LOGISTICA E TRANSPORTE;Caminhão;Sem Sopro;23/08/2026, 13:14:38
RKG9C70;EXPRESSO PREDILETO;Caminhão;Veículo ligado;23/08/2026, 13:09:54
RKG9C70;EXPRESSO PREDILETO;Caminhão;Veículo Desbloqueado;23/08/2026, 13:09:49
RKG9C70;EXPRESSO PREDILETO;Caminhão;Leitura Sem Álcool;23/08/2026, 13:09:46
RKG9C70;EXPRESSO PREDILETO;Caminhão;Teste Realizado;23/08/2026, 13:09:43
RKG9C70;EXPRESSO PREDILETO;Caminhão;Sopro Realizado;23/08/2026, 13:09:23
TFE6H05;CONSTRUTORA CENTRO LESTE S/A;Caminhão;Veículo Bloqueado;23/08/2026, 13:07:24
TFE6H05;CONSTRUTORA CENTRO LESTE S/A;Caminhão;Fim do Tempo de Manobra;23/08/2026, 13:07:17
TFE6H05;CONSTRUTORA CENTRO LESTE S/A;Caminhão;Início do Tempo de Manobra;23/08/2026, 13:06:45
TFE6H05;CONSTRUTORA CENTRO LESTE S/A;Caminhão;Veículo Desbloqueado;23/08/2026, 13:03:37
TFE6H05;CONSTRUTORA CENTRO LESTE S/A;Caminhão;Teste Realizado;23/08/2026, 13:03:34
TFE6H05;CONSTRUTORA CENTRO LESTE S/A;Caminhão;Leitura Sem Álcool;23/08/2026, 13:03:32
TUO7J31;FAJE LOGISTICA E TRANSPORTE;Caminhão;Sem Sopro;23/08/2026, 13:03:23
TFE6H05;CONSTRUTORA CENTRO LESTE S/A;Caminhão;Sopro Realizado;23/08/2026, 13:03:11
TFE6H05;CONSTRUTORA CENTRO LESTE S/A;Caminhão;Modo Manobrista Ativado;23/08/2026, 13:02:27
TFE6H05;CONSTRUTORA CENTRO LESTE S/A;Caminhão;Veículo Desbloqueado;23/08/2026, 12:54:11
TFE6H05;CONSTRUTORA CENTRO LESTE S/A;Caminhão;Teste Realizado;23/08/2026, 12:54:08
TFE6H05;CONSTRUTORA CENTRO LESTE S/A;Caminhão;Leitura Sem Álcool;23/08/2026, 12:54:06
TFE6H05;CONSTRUTORA CENTRO LESTE S/A;Caminhão;Sopro Realizado;23/08/2026, 12:53:46
TFE6H05;CONSTRUTORA CENTRO LESTE S/A;Caminhão;Sem Sopro;23/08/2026, 12:53:34
TFE6H05;CONSTRUTORA CENTRO LESTE S/A;Caminhão;Veículo Desbloqueado;23/08/2026, 12:52:27
TFE6H05;CONSTRUTORA CENTRO LESTE S/A;Caminhão;Desbloqueio em Modo Manobrista;23/08/2026, 12:52:25
TFE6H05;CONSTRUTORA CENTRO LESTE S/A;Caminhão;Modo Manobrista Ativado;23/08/2026, 12:52:15
TFE6H05;CONSTRUTORA CENTRO LESTE S/A;Caminhão;Modo Manobrista Ativado;23/08/2026, 12:51:45
TFE6H05;CONSTRUTORA CENTRO LESTE S/A;Caminhão;Veículo Bloqueado;23/08/2026, 12:51:25
RKG9C70;EXPRESSO PREDILETO;Caminhão;Veículo Bloqueado;23/08/2026, 12:31:00
RKG9C70;EXPRESSO PREDILETO;Caminhão;Modo Manobrista Ativado;23/08/2026, 12:30:02
RKG9C70;EXPRESSO PREDILETO;Caminhão;Veículo desligado;23/08/2026, 12:30:01
TFE6H05;CONSTRUTORA CENTRO LESTE S/A;Caminhão;Motorista Não Autorizado;23/08/2026, 12:22:18
TFE6H05;CONSTRUTORA CENTRO LESTE S/A;Caminhão;Sem Sopro;23/08/2026, 12:17:15
TFE6H05;CONSTRUTORA CENTRO LESTE S/A;Caminhão;Teste Adiado;23/08/2026, 12:17:02
TFE6H05;CONSTRUTORA CENTRO LESTE S/A;Caminhão;Teste Adiado;23/08/2026, 12:17:01
TFE6H05;CONSTRUTORA CENTRO LESTE S/A;Caminhão;Teste Adiado;23/08/2026, 12:17:01
TFE6H05;CONSTRUTORA CENTRO LESTE S/A;Caminhão;Teste Adiado;23/08/2026, 12:17:00
KQS4378;FAJE LOGISTICA E TRANSPORTE;Caminhão;Veículo Desbloqueado;23/08/2026, 12:06:12
KQS4378;FAJE LOGISTICA E TRANSPORTE;Caminhão;Teste Realizado;23/08/2026, 12:06:10
KQS4378;FAJE LOGISTICA E TRANSPORTE;Caminhão;Leitura Sem Álcool;23/08/2026, 12:06:07
KQS4378;FAJE LOGISTICA E TRANSPORTE;Caminhão;Sopro Realizado;23/08/2026, 12:05:47
RKG9C70;EXPRESSO PREDILETO;Caminhão;Veículo ligado;23/08/2026, 12:04:09
RKG9C70;EXPRESSO PREDILETO;Caminhão;Veículo Desbloqueado;23/08/2026, 12:04:04
RKG9C70;EXPRESSO PREDILETO;Caminhão;Leitura Sem Álcool;23/08/2026, 12:04:01
RKG9C70;EXPRESSO PREDILETO;Caminhão;Teste Realizado;23/08/2026, 12:03:58
RKG9C70;EXPRESSO PREDILETO;Caminhão;Sopro Realizado;23/08/2026, 12:03:38
KQS4378;FAJE LOGISTICA E TRANSPORTE;Caminhão;Veículo Bloqueado;23/08/2026, 11:54:15
KQS4378;FAJE LOGISTICA E TRANSPORTE;Caminhão;Fim do Tempo de Manobra;23/08/2026, 11:54:09
KQS4378;FAJE LOGISTICA E TRANSPORTE;Caminhão;Início do Tempo de Manobra;23/08/2026, 11:49:07
KQS4378;FAJE LOGISTICA E TRANSPORTE;Caminhão;Veículo Desbloqueado;23/08/2026, 11:45:24
KQS4378;FAJE LOGISTICA E TRANSPORTE;Caminhão;Teste Realizado;23/08/2026, 11:45:21
KQS4378;FAJE LOGISTICA E TRANSPORTE;Caminhão;Leitura Sem Álcool;23/08/2026, 11:45:18
KQS4378;FAJE LOGISTICA E TRANSPORTE;Caminhão;Sopro Realizado;23/08/2026, 11:44:58
KQS4378;FAJE LOGISTICA E TRANSPORTE;Caminhão;Veículo Bloqueado;23/08/2026, 11:40:58
KQS4378;FAJE LOGISTICA E TRANSPORTE;Caminhão;Fim do Tempo de Manobra;23/08/2026, 11:40:51
TFE6H05;CONSTRUTORA CENTRO LESTE S/A;Caminhão;Veículo Bloqueado;23/08/2026, 11:37:35
TFE6H05;CONSTRUTORA CENTRO LESTE S/A;Caminhão;Fim do Tempo de Manobra;23/08/2026, 11:37:29
TFE6H05;CONSTRUTORA CENTRO LESTE S/A;Caminhão;Início do Tempo de Manobra;23/08/2026, 11:36:57
KQS4378;FAJE LOGISTICA E TRANSPORTE;Caminhão;Início do Tempo de Manobra;23/08/2026, 11:35:50
RKG9C70;EXPRESSO PREDILETO;Caminhão;Veículo Bloqueado;23/08/2026, 11:34:56
RKG9C70;EXPRESSO PREDILETO;Caminhão;Modo Manobrista Ativado;23/08/2026, 11:33:57
RKG9C70;EXPRESSO PREDILETO;Caminhão;Veículo desligado;23/08/2026, 11:33:57
KQS4378;FAJE LOGISTICA E TRANSPORTE;Caminhão;Veículo Desbloqueado;23/08/2026, 11:33:40
KQS4378;FAJE LOGISTICA E TRANSPORTE;Caminhão;Teste Realizado;23/08/2026, 11:33:38
KQS4378;FAJE LOGISTICA E TRANSPORTE;Caminhão;Leitura Sem Álcool;23/08/2026, 11:33:35
KQS4378;FAJE LOGISTICA E TRANSPORTE;Caminhão;Sopro Realizado;23/08/2026, 11:33:15
KQS4378;FAJE LOGISTICA E TRANSPORTE;Caminhão;Veículo Bloqueado;23/08/2026, 11:14:52
KQS4378;FAJE LOGISTICA E TRANSPORTE;Caminhão;Fim do Tempo de Manobra;23/08/2026, 11:14:45
KQS4378;FAJE LOGISTICA E TRANSPORTE;Caminhão;Início do Tempo de Manobra;23/08/2026, 11:09:44
KQS4378;FAJE LOGISTICA E TRANSPORTE;Caminhão;Veículo Desbloqueado;23/08/2026, 11:09:04
KQS4378;FAJE LOGISTICA E TRANSPORTE;Caminhão;Início do Tempo de Manobra;23/08/2026, 11:07:01
KQS4378;FAJE LOGISTICA E TRANSPORTE;Caminhão;Veículo Desbloqueado;23/08/2026, 11:03:55
KQS4378;FAJE LOGISTICA E TRANSPORTE;Caminhão;Início do Tempo de Manobra;23/08/2026, 11:02:34
KQS4378;FAJE LOGISTICA E TRANSPORTE;Caminhão;Veículo Desbloqueado;23/08/2026, 11:00:37
KQS4378;FAJE LOGISTICA E TRANSPORTE;Caminhão;Teste Realizado;23/08/2026, 11:00:34
KQS4378;FAJE LOGISTICA E TRANSPORTE;Caminhão;Leitura Sem Álcool;23/08/2026, 11:00:31
KQS4378;FAJE LOGISTICA E TRANSPORTE;Caminhão;Sopro Realizado;23/08/2026, 11:00:11
KQS4378;FAJE LOGISTICA E TRANSPORTE;Caminhão;Veículo Bloqueado;23/08/2026, 10:58:29
KQS4378;FAJE LOGISTICA E TRANSPORTE;Caminhão;Fim do Tempo de Manobra;23/08/2026, 10:58:22
KQS4378;FAJE LOGISTICA E TRANSPORTE;Caminhão;Início do Tempo de Manobra;23/08/2026, 10:53:21
SRV4F51;FAJE LOGISTICA E TRANSPORTE;Caminhão;Sem Sopro;23/08/2026, 10:51:14
RKG9C70;EXPRESSO PREDILETO;Caminhão;Veículo ligado;23/08/2026, 10:48:26
RKG9C70;EXPRESSO PREDILETO;Caminhão;Veículo Desbloqueado;23/08/2026, 10:48:21
RKG9C70;EXPRESSO PREDILETO;Caminhão;Leitura Sem Álcool;23/08/2026, 10:48:18
RKG9C70;EXPRESSO PREDILETO;Caminhão;Teste Realizado;23/08/2026, 10:48:15
RKG9C70;EXPRESSO PREDILETO;Caminhão;Sopro Realizado;23/08/2026, 10:47:55
KQS4378;FAJE LOGISTICA E TRANSPORTE;Caminhão;Veículo Desbloqueado;23/08/2026, 10:47:39
KQS4378;FAJE LOGISTICA E TRANSPORTE;Caminhão;Teste Realizado;23/08/2026, 10:47:37
KQS4378;FAJE LOGISTICA E TRANSPORTE;Caminhão;Leitura Sem Álcool;23/08/2026, 10:47:34
KQS4378;FAJE LOGISTICA E TRANSPORTE;Caminhão;Sopro Realizado;23/08/2026, 10:47:14
RKG9C70;EXPRESSO PREDILETO;Caminhão;Veículo desligado;23/08/2026, 10:46:50
RKG9C70;EXPRESSO PREDILETO;Caminhão;Veículo ligado;23/08/2026, 10:45:37
RKG9C70;EXPRESSO PREDILETO;Caminhão;Veículo Bloqueado;23/08/2026, 10:45:36
RKG9C70;EXPRESSO PREDILETO;Caminhão;Sem Sopro;23/08/2026, 10:45:33
KQS4378;FAJE LOGISTICA E TRANSPORTE;Caminhão;Veículo Bloqueado;23/08/2026, 10:25:54
KQS4378;FAJE LOGISTICA E TRANSPORTE;Caminhão;Fim do Tempo de Manobra;23/08/2026, 10:25:47
KQS4378;FAJE LOGISTICA E TRANSPORTE;Caminhão;Início do Tempo de Manobra;23/08/2026, 10:20:46
SRV4F51;FAJE LOGISTICA E TRANSPORTE;Caminhão;Sem Sopro;23/08/2026, 10:20:07
KQS4378;FAJE LOGISTICA E TRANSPORTE;Caminhão;Veículo Desbloqueado;23/08/2026, 10:07:39
KQS4378;FAJE LOGISTICA E TRANSPORTE;Caminhão;Teste Realizado;23/08/2026, 10:07:36
KQS4378;FAJE LOGISTICA E TRANSPORTE;Caminhão;Leitura Sem Álcool;23/08/2026, 10:07:33
KQS4378;FAJE LOGISTICA E TRANSPORTE;Caminhão;Sopro Realizado;23/08/2026, 10:07:13
TUO7J31;FAJE LOGISTICA E TRANSPORTE;Caminhão;Sem Sopro;23/08/2026, 09:54:40
TUI6C37;RICKER TRANSPORTES LTDA;Caminhão;Dispositivo Inicializado;23/08/2026, 09:41:34
RKG9C70;EXPRESSO PREDILETO;Caminhão;Veículo Bloqueado;23/08/2026, 09:36:00
RKG9C70;EXPRESSO PREDILETO;Caminhão;Modo Manobrista Ativado;23/08/2026, 09:35:01
RKG9C70;EXPRESSO PREDILETO;Caminhão;Veículo desligado;23/08/2026, 09:35:01
SRV4F51;FAJE LOGISTICA E TRANSPORTE;Caminhão;Sem Sopro;23/08/2026, 09:28:10
RKG9C70;EXPRESSO PREDILETO;Caminhão;Veículo ligado;23/08/2026, 09:09:01
RKG9C70;EXPRESSO PREDILETO;Caminhão;Veículo Desbloqueado;23/08/2026, 09:08:55
RKG9C70;EXPRESSO PREDILETO;Caminhão;Leitura Sem Álcool;23/08/2026, 09:08:53
RKG9C70;EXPRESSO PREDILETO;Caminhão;Teste Realizado;23/08/2026, 09:08:50
RKG9C70;EXPRESSO PREDILETO;Caminhão;Sopro Realizado;23/08/2026, 09:08:39
TFE6H05;CONSTRUTORA CENTRO LESTE S/A;Caminhão;Veículo Desbloqueado;23/08/2026, 08:42:43
TFE6H05;CONSTRUTORA CENTRO LESTE S/A;Caminhão;Teste Realizado;23/08/2026, 08:42:40
TFE6H05;CONSTRUTORA CENTRO LESTE S/A;Caminhão;Leitura Sem Álcool;23/08/2026, 08:42:37
TFE6H05;CONSTRUTORA CENTRO LESTE S/A;Caminhão;Sopro Realizado;23/08/2026, 08:42:18
TFE6H05;CONSTRUTORA CENTRO LESTE S/A;Caminhão;Veículo Bloqueado;23/08/2026, 08:41:26
TFE6H05;CONSTRUTORA CENTRO LESTE S/A;Caminhão;Motorista Não Autorizado;23/08/2026, 08:40:43
TFE6H05;CONSTRUTORA CENTRO LESTE S/A;Caminhão;Sem Sopro;23/08/2026, 08:40:32
TFE6H05;CONSTRUTORA CENTRO LESTE S/A;Caminhão;Sem Sopro;23/08/2026, 08:39:54
TFE6H05;CONSTRUTORA CENTRO LESTE S/A;Caminhão;Sem Sopro;23/08/2026, 08:39:20
TFE6H05;CONSTRUTORA CENTRO LESTE S/A;Caminhão;Teste Adiado;23/08/2026, 08:39:00
TFE6H05;CONSTRUTORA CENTRO LESTE S/A;Caminhão;Teste Adiado;23/08/2026, 08:39:00
TFE6H05;CONSTRUTORA CENTRO LESTE S/A;Caminhão;Teste Adiado;23/08/2026, 08:39:00
TFE6H05;CONSTRUTORA CENTRO LESTE S/A;Caminhão;Teste Adiado;23/08/2026, 08:38:59
SRV4F51;FAJE LOGISTICA E TRANSPORTE;Caminhão;Sem Sopro;23/08/2026, 08:34:40
TFE6H05;CONSTRUTORA CENTRO LESTE S/A;Caminhão;Veículo Bloqueado;23/08/2026, 08:21:54
TFE6H05;CONSTRUTORA CENTRO LESTE S/A;Caminhão;Veículo Bloqueado;23/08/2026, 08:21:19
TFE6H05;CONSTRUTORA CENTRO LESTE S/A;Caminhão;Teste Realizado;23/08/2026, 08:21:16
TFE6H05;CONSTRUTORA CENTRO LESTE S/A;Caminhão;Álcool Detectado (0.389 mg/L);23/08/2026, 08:21:15
TFE6H05;CONSTRUTORA CENTRO LESTE S/A;Caminhão;Álcool Detectado (0.389 mg/L);23/08/2026, 08:21:12
TFE6H05;CONSTRUTORA CENTRO LESTE S/A;Caminhão;Sopro Realizado;23/08/2026, 08:20:52
TFE6H05;CONSTRUTORA CENTRO LESTE S/A;Caminhão;Dispositivo Inicializado;23/08/2026, 08:19:52
SRV4F51;FAJE LOGISTICA E TRANSPORTE;Caminhão;Sem Sopro;23/08/2026, 07:18:56
RJY4B66;EXPRESSO PREDILETO;Caminhão;Dispositivo Inicializado;23/08/2026, 05:40:56
TUH4A08;RICKER TRANSPORTES LTDA;Caminhão;Dispositivo Inicializado;23/08/2026, 05:22:48
TUO7J31;FAJE LOGISTICA E TRANSPORTE;Caminhão;Sem Sopro;23/08/2026, 01:39:35
TUO7J31;FAJE LOGISTICA E TRANSPORTE;Caminhão;Sem Sopro;23/08/2026, 00:59:33
TUO7J31;FAJE LOGISTICA E TRANSPORTE;Caminhão;Sem Sopro;23/08/2026, 00:39:07
TUO7J31;FAJE LOGISTICA E TRANSPORTE;Caminhão;Sem Sopro;22/08/2026, 23:33:33
RKG9C70;EXPRESSO PREDILETO;Caminhão;Dispositivo Inicializado;22/08/2026, 23:10:41
TFE6H05;CONSTRUTORA CENTRO LESTE S/A;Caminhão;Veículo Bloqueado;22/08/2026, 20:31:05
TFE6H05;CONSTRUTORA CENTRO LESTE S/A;Caminhão;Fim do Tempo de Manobra;22/08/2026, 20:30:58
TFE6H05;CONSTRUTORA CENTRO LESTE S/A;Caminhão;Início do Tempo de Manobra;22/08/2026, 20:30:27
TFE6H05;CONSTRUTORA CENTRO LESTE S/A;Caminhão;Veículo Desbloqueado;22/08/2026, 20:28:41
TFE6H05;CONSTRUTORA CENTRO LESTE S/A;Caminhão;Teste Realizado;22/08/2026, 20:28:38
TFE6H05;CONSTRUTORA CENTRO LESTE S/A;Caminhão;Leitura Sem Álcool;22/08/2026, 20:28:35
TFE6H05;CONSTRUTORA CENTRO LESTE S/A;Caminhão;Sopro Realizado;22/08/2026, 20:28:15
SRV4F51;FAJE LOGISTICA E TRANSPORTE;Caminhão;Sem Sopro;22/08/2026, 20:04:06
SRV4F51;FAJE LOGISTICA E TRANSPORTE;Caminhão;Sem Sopro;22/08/2026, 19:52:58
TTW7B29;RICKER TRANSPORTES LTDA;Caminhão;Dispositivo Inicializado;22/08/2026, 19:05:41
TUO7J31;FAJE LOGISTICA E TRANSPORTE;Caminhão;Sem Sopro;22/08/2026, 18:44:06
TFE6H05;CONSTRUTORA CENTRO LESTE S/A;Caminhão;Veículo Bloqueado;22/08/2026, 18:43:03
TFE6H05;CONSTRUTORA CENTRO LESTE S/A;Caminhão;Fim do Tempo de Manobra;22/08/2026, 18:42:56
TFE6H05;CONSTRUTORA CENTRO LESTE S/A;Caminhão;Início do Tempo de Manobra;22/08/2026, 18:42:25
TFE6H05;CONSTRUTORA CENTRO LESTE S/A;Caminhão;Veículo Desbloqueado;22/08/2026, 18:27:43
TFE6H05;CONSTRUTORA CENTRO LESTE S/A;Caminhão;Teste Realizado;22/08/2026, 18:27:40
TFE6H05;CONSTRUTORA CENTRO LESTE S/A;Caminhão;Leitura Sem Álcool;22/08/2026, 18:27:37
TFE6H05;CONSTRUTORA CENTRO LESTE S/A;Caminhão;Sopro Realizado;22/08/2026, 18:27:17
TFE6H05;CONSTRUTORA CENTRO LESTE S/A;Caminhão;Veículo Bloqueado;22/08/2026, 17:42:57
TFE6H05;CONSTRUTORA CENTRO LESTE S/A;Caminhão;Fim do Tempo de Manobra;22/08/2026, 17:42:50
TFE6H05;CONSTRUTORA CENTRO LESTE S/A;Caminhão;Início do Tempo de Manobra;22/08/2026, 17:42:19
TFE6H05;CONSTRUTORA CENTRO LESTE S/A;Caminhão;Veículo Desbloqueado;22/08/2026, 17:35:17
TFE6H05;CONSTRUTORA CENTRO LESTE S/A;Caminhão;Teste Realizado;22/08/2026, 17:35:14
TFE6H05;CONSTRUTORA CENTRO LESTE S/A;Caminhão;Leitura Sem Álcool;22/08/2026, 17:35:11
TFE6H05;CONSTRUTORA CENTRO LESTE S/A;Caminhão;Sopro Realizado;22/08/2026, 17:34:51
SRV4F51;FAJE LOGISTICA E TRANSPORTE;Caminhão;Sem Sopro;22/08/2026, 16:50:46
RJY4B66;EXPRESSO PREDILETO;Caminhão;Veículo Bloqueado;22/08/2026, 16:43:31
RJY4B66;EXPRESSO PREDILETO;Caminhão;Fim do Tempo de Manobra;22/08/2026, 16:43:24
KQS4378;FAJE LOGISTICA E TRANSPORTE;Caminhão;Sem Sopro;22/08/2026, 16:36:21
SRV4F51;FAJE LOGISTICA E TRANSPORTE;Caminhão;Sem Sopro;22/08/2026, 16:27:51
TUO7J31;FAJE LOGISTICA E TRANSPORTE;Caminhão;Sem Sopro;22/08/2026, 16:27:37
SRV4F51;FAJE LOGISTICA E TRANSPORTE;Caminhão;Sem Sopro;22/08/2026, 16:11:16
SRV4F51;FAJE LOGISTICA E TRANSPORTE;Caminhão;Sem Sopro;22/08/2026, 15:59:48
KQS4378;FAJE LOGISTICA E TRANSPORTE;Caminhão;Veículo Bloqueado;22/08/2026, 15:49:03
KQS4378;FAJE LOGISTICA E TRANSPORTE;Caminhão;Fim do Tempo de Manobra;22/08/2026, 15:48:56
RJY4B66;EXPRESSO PREDILETO;Caminhão;Veículo Desbloqueado;22/08/2026, 15:44:03
RJY4B66;EXPRESSO PREDILETO;Caminhão;Teste Realizado;22/08/2026, 15:44:00
RJY4B66;EXPRESSO PREDILETO;Caminhão;Leitura Sem Álcool;22/08/2026, 15:43:57
KQS4378;FAJE LOGISTICA E TRANSPORTE;Caminhão;Início do Tempo de Manobra;22/08/2026, 15:43:55
RJY4B66;EXPRESSO PREDILETO;Caminhão;Sopro Realizado;22/08/2026, 15:43:37
KQS4378;FAJE LOGISTICA E TRANSPORTE;Caminhão;Veículo Desbloqueado;22/08/2026, 15:41:08
KQS4378;FAJE LOGISTICA E TRANSPORTE;Caminhão;Teste Realizado;22/08/2026, 15:41:05
KQS4378;FAJE LOGISTICA E TRANSPORTE;Caminhão;Leitura Sem Álcool;22/08/2026, 15:41:02
KQS4378;FAJE LOGISTICA E TRANSPORTE;Caminhão;Sopro Realizado;22/08/2026, 15:40:42
KQS4378;FAJE LOGISTICA E TRANSPORTE;Caminhão;Sem Sopro;22/08/2026, 15:39:38
TFE6H05;CONSTRUTORA CENTRO LESTE S/A;Caminhão;Temperatura Alta;22/08/2026, 15:38:33
RJY4B66;EXPRESSO PREDILETO;Caminhão;Veículo Bloqueado;22/08/2026, 15:27:48
RJY4B66;EXPRESSO PREDILETO;Caminhão;Fim do Tempo de Manobra;22/08/2026, 15:27:41
RJY4B66;EXPRESSO PREDILETO;Caminhão;Veículo Desbloqueado;22/08/2026, 15:17:44
RJY4B66;EXPRESSO PREDILETO;Caminhão;Teste Realizado;22/08/2026, 15:17:41
RJY4B66;EXPRESSO PREDILETO;Caminhão;Leitura Sem Álcool;22/08/2026, 15:17:38
RJY4B66;EXPRESSO PREDILETO;Caminhão;Sopro Realizado;22/08/2026, 15:17:27
KQS4378;FAJE LOGISTICA E TRANSPORTE;Caminhão;Veículo Bloqueado;22/08/2026, 14:50:22
KQS4378;FAJE LOGISTICA E TRANSPORTE;Caminhão;Fim do Tempo de Manobra;22/08/2026, 14:50:16
KQS4378;FAJE LOGISTICA E TRANSPORTE;Caminhão;Início do Tempo de Manobra;22/08/2026, 14:45:14
KQS4378;FAJE LOGISTICA E TRANSPORTE;Caminhão;Veículo Desbloqueado;22/08/2026, 14:44:32
KQS4378;FAJE LOGISTICA E TRANSPORTE;Caminhão;Início do Tempo de Manobra;22/08/2026, 14:44:03
SRV4F51;FAJE LOGISTICA E TRANSPORTE;Caminhão;Sem Sopro;22/08/2026, 14:41:39
RJY4B66;EXPRESSO PREDILETO;Caminhão;Veículo Bloqueado;22/08/2026, 14:30:18
RJY4B66;EXPRESSO PREDILETO;Caminhão;Motorista Não Autorizado;22/08/2026, 14:24:12
RJY4B66;EXPRESSO PREDILETO;Caminhão;Sem Sopro;22/08/2026, 14:19:13
RJY4B66;EXPRESSO PREDILETO;Caminhão;Teste Adiado;22/08/2026, 14:18:36
RJY4B66;EXPRESSO PREDILETO;Caminhão;Veículo Desbloqueado;22/08/2026, 14:18:35
KQS4378;FAJE LOGISTICA E TRANSPORTE;Caminhão;Veículo Desbloqueado;22/08/2026, 13:48:06
KQS4378;FAJE LOGISTICA E TRANSPORTE;Caminhão;Teste Realizado;22/08/2026, 13:48:03
KQS4378;FAJE LOGISTICA E TRANSPORTE;Caminhão;Leitura Sem Álcool;22/08/2026, 13:48:00
KQS4378;FAJE LOGISTICA E TRANSPORTE;Caminhão;Sopro Realizado;22/08/2026, 13:47:40
RJT5E02;EXPRESSO PREDILETO;Caminhão;Sem Sopro;22/08/2026, 13:32:42
SRV4F51;FAJE LOGISTICA E TRANSPORTE;Caminhão;Sem Sopro;22/08/2026, 12:07:14
SRV4F51;FAJE LOGISTICA E TRANSPORTE;Caminhão;Sem Sopro;22/08/2026, 11:53:36
KQS4378;FAJE LOGISTICA E TRANSPORTE;Caminhão;Dispositivo Inicializado;22/08/2026, 11:41:40
RJY4B66;EXPRESSO PREDILETO;Caminhão;Sem Sopro;22/08/2026, 10:27:29
SRV4F51;FAJE LOGISTICA E TRANSPORTE;Caminhão;Sem Sopro;22/08/2026, 10:21:31
RJY4B66;EXPRESSO PREDILETO;Caminhão;Veículo Bloqueado;22/08/2026, 10:19:03
RJY4B66;EXPRESSO PREDILETO;Caminhão;Motorista Não Autorizado;22/08/2026, 10:18:57
RJY4B66;EXPRESSO PREDILETO;Caminhão;Sem Sopro;22/08/2026, 10:13:49
RJY4B66;EXPRESSO PREDILETO;Caminhão;Teste Adiado;22/08/2026, 10:13:11
RJY4B66;EXPRESSO PREDILETO;Caminhão;Veículo Desbloqueado;22/08/2026, 10:13:10
TUO7J31;FAJE LOGISTICA E TRANSPORTE;Caminhão;Sem Sopro;22/08/2026, 09:41:51
RJY4B66;EXPRESSO PREDILETO;Caminhão;Veículo Bloqueado;22/08/2026, 09:34:23
RJY4B66;EXPRESSO PREDILETO;Caminhão;Fim do Tempo de Manobra;22/08/2026, 09:34:15
TUO7J31;FAJE LOGISTICA E TRANSPORTE;Caminhão;Sem Sopro;22/08/2026, 09:04:26
RJT5E02;EXPRESSO PREDILETO;Caminhão;Sem Sopro;22/08/2026, 09:00:09
TUO7J31;FAJE LOGISTICA E TRANSPORTE;Caminhão;Sem Sopro;22/08/2026, 08:25:16
TFE6H05;CONSTRUTORA CENTRO LESTE S/A;Caminhão;Sem Sopro;22/08/2026, 08:10:39
TFE6H05;CONSTRUTORA CENTRO LESTE S/A;Caminhão;Sem Sopro;22/08/2026, 08:08:31
TFE6H05;CONSTRUTORA CENTRO LESTE S/A;Caminhão;Veículo Bloqueado;22/08/2026, 07:28:07
TFE6H05;CONSTRUTORA CENTRO LESTE S/A;Caminhão;Fim do Tempo de Manobra;22/08/2026, 07:28:00
TFE6H05;CONSTRUTORA CENTRO LESTE S/A;Caminhão;Início do Tempo de Manobra;22/08/2026, 07:27:29
TFE6H05;CONSTRUTORA CENTRO LESTE S/A;Caminhão;Veículo Desbloqueado;22/08/2026, 07:26:11
TFE6H05;CONSTRUTORA CENTRO LESTE S/A;Caminhão;Teste Realizado;22/08/2026, 07:26:09
TFE6H05;CONSTRUTORA CENTRO LESTE S/A;Caminhão;Leitura Sem Álcool;22/08/2026, 07:26:06
TFE6H05;CONSTRUTORA CENTRO LESTE S/A;Caminhão;Sopro Realizado;22/08/2026, 07:25:46
TFE6H05;CONSTRUTORA CENTRO LESTE S/A;Caminhão;Sem Sopro;22/08/2026, 07:25:11
TUO7J31;FAJE LOGISTICA E TRANSPORTE;Caminhão;Sem Sopro;22/08/2026, 07:23:51
TFE6H05;CONSTRUTORA CENTRO LESTE S/A;Caminhão;Veículo Bloqueado;22/08/2026, 07:01:17
TFE6H05;CONSTRUTORA CENTRO LESTE S/A;Caminhão;Fim do Tempo de Manobra;22/08/2026, 07:01:10
TFE6H05;CONSTRUTORA CENTRO LESTE S/A;Caminhão;Início do Tempo de Manobra;22/08/2026, 07:00:39
SRV4F51;FAJE LOGISTICA E TRANSPORTE;Caminhão;Sem Sopro;22/08/2026, 07:00:38
RJY4B66;EXPRESSO PREDILETO;Caminhão;Veículo Desbloqueado;22/08/2026, 06:57:29
RJY4B66;EXPRESSO PREDILETO;Caminhão;Teste Realizado;22/08/2026, 06:57:26
RJY4B66;EXPRESSO PREDILETO;Caminhão;Leitura Sem Álcool;22/08/2026, 06:57:23
RJY4B66;EXPRESSO PREDILETO;Caminhão;Sopro Realizado;22/08/2026, 06:57:03
RJY4B66;EXPRESSO PREDILETO;Caminhão;Sem Sopro;22/08/2026, 06:56:20
TFE6H05;CONSTRUTORA CENTRO LESTE S/A;Caminhão;Veículo Desbloqueado;22/08/2026, 06:52:23
TFE6H05;CONSTRUTORA CENTRO LESTE S/A;Caminhão;Teste Realizado;22/08/2026, 06:52:20
TFE6H05;CONSTRUTORA CENTRO LESTE S/A;Caminhão;Leitura Sem Álcool;22/08/2026, 06:52:17
TFE6H05;CONSTRUTORA CENTRO LESTE S/A;Caminhão;Sopro Realizado;22/08/2026, 06:51:57
TFE6H05;CONSTRUTORA CENTRO LESTE S/A;Caminhão;Veículo Bloqueado;22/08/2026, 06:34:44
TFE6H05;CONSTRUTORA CENTRO LESTE S/A;Caminhão;Fim do Tempo de Manobra;22/08/2026, 06:34:38
TFE6H05;CONSTRUTORA CENTRO LESTE S/A;Caminhão;Início do Tempo de Manobra;22/08/2026, 06:34:06
TFE6H05;CONSTRUTORA CENTRO LESTE S/A;Caminhão;Veículo Desbloqueado;22/08/2026, 06:18:32
TFE6H05;CONSTRUTORA CENTRO LESTE S/A;Caminhão;Teste Realizado;22/08/2026, 06:18:29
TFE6H05;CONSTRUTORA CENTRO LESTE S/A;Caminhão;Leitura Sem Álcool;22/08/2026, 06:18:26
TFE6H05;CONSTRUTORA CENTRO LESTE S/A;Caminhão;Sopro Realizado;22/08/2026, 06:18:06
KQS4378;FAJE LOGISTICA E TRANSPORTE;Caminhão;Veículo Bloqueado;21/08/2026, 22:22:37
KQS4378;FAJE LOGISTICA E TRANSPORTE;Caminhão;Fim do Tempo de Manobra;21/08/2026, 22:22:30
KQS4378;FAJE LOGISTICA E TRANSPORTE;Caminhão;Início do Tempo de Manobra;21/08/2026, 22:17:29
KQS4378;FAJE LOGISTICA E TRANSPORTE;Caminhão;Veículo Desbloqueado;21/08/2026, 22:10:30
KQS4378;FAJE LOGISTICA E TRANSPORTE;Caminhão;Teste Realizado;21/08/2026, 22:10:27
KQS4378;FAJE LOGISTICA E TRANSPORTE;Caminhão;Leitura Sem Álcool;21/08/2026, 22:10:24
KQS4378;FAJE LOGISTICA E TRANSPORTE;Caminhão;Sopro Realizado;21/08/2026, 22:10:04
SQZ7I20;RICKER TRANSPORTES LTDA;Caminhão;Veículo Bloqueado;21/08/2026, 21:26:21
SQZ7I20;RICKER TRANSPORTES LTDA;Caminhão;Fim do Tempo de Manobra;21/08/2026, 21:26:14
RJY4B66;EXPRESSO PREDILETO;Caminhão;Veículo Bloqueado;21/08/2026, 20:17:58
RJY4B66;EXPRESSO PREDILETO;Caminhão;Motorista Não Autorizado;21/08/2026, 20:17:49
RJY4B66;EXPRESSO PREDILETO;Caminhão;Sem Sopro;21/08/2026, 20:12:46
RJY4B66;EXPRESSO PREDILETO;Caminhão;Teste Adiado;21/08/2026, 20:12:15
RJY4B66;EXPRESSO PREDILETO;Caminhão;Veículo Desbloqueado;21/08/2026, 20:12:14
TUO7J31;FAJE LOGISTICA E TRANSPORTE;Caminhão;Sem Sopro;21/08/2026, 20:08:53
RJY4B66;EXPRESSO PREDILETO;Caminhão;Sem Sopro;21/08/2026, 20:03:31
TFE6H05;CONSTRUTORA CENTRO LESTE S/A;Caminhão;Início do Tempo de Manobra;21/08/2026, 19:52:38
KQS4378;FAJE LOGISTICA E TRANSPORTE;Caminhão;Veículo Bloqueado;21/08/2026, 19:52:03
KQS4378;FAJE LOGISTICA E TRANSPORTE;Caminhão;Fim do Tempo de Manobra;21/08/2026, 19:51:56
TFE6H05;CONSTRUTORA CENTRO LESTE S/A;Caminhão;Veículo Desbloqueado;21/08/2026, 19:50:29
TFE6H05;CONSTRUTORA CENTRO LESTE S/A;Caminhão;Início do Tempo de Manobra;21/08/2026, 19:50:21
TFE6H05;CONSTRUTORA CENTRO LESTE S/A;Caminhão;Veículo Desbloqueado;21/08/2026, 19:47:11
TFE6H05;CONSTRUTORA CENTRO LESTE S/A;Caminhão;Teste Realizado;21/08/2026, 19:47:08
TFE6H05;CONSTRUTORA CENTRO LESTE S/A;Caminhão;Leitura Sem Álcool;21/08/2026, 19:47:05
KQS4378;FAJE LOGISTICA E TRANSPORTE;Caminhão;Início do Tempo de Manobra;21/08/2026, 19:46:55
TFE6H05;CONSTRUTORA CENTRO LESTE S/A;Caminhão;Sopro Realizado;21/08/2026, 19:46:46
KQS4378;FAJE LOGISTICA E TRANSPORTE;Caminhão;Veículo Desbloqueado;21/08/2026, 19:31:39
KQS4378;FAJE LOGISTICA E TRANSPORTE;Caminhão;Teste Realizado;21/08/2026, 19:31:37
KQS4378;FAJE LOGISTICA E TRANSPORTE;Caminhão;Leitura Sem Álcool;21/08/2026, 19:31:34
KQS4378;FAJE LOGISTICA E TRANSPORTE;Caminhão;Sopro Realizado;21/08/2026, 19:31:14
TFE6H05;CONSTRUTORA CENTRO LESTE S/A;Caminhão;Veículo Bloqueado;21/08/2026, 19:30:44
TFE6H05;CONSTRUTORA CENTRO LESTE S/A;Caminhão;Fim do Tempo de Manobra;21/08/2026, 19:30:32
TFE6H05;CONSTRUTORA CENTRO LESTE S/A;Caminhão;Início do Tempo de Manobra;21/08/2026, 19:30:00
KQS4378;FAJE LOGISTICA E TRANSPORTE;Caminhão;Veículo Bloqueado;21/08/2026, 19:25:31
KQS4378;FAJE LOGISTICA E TRANSPORTE;Caminhão;Fim do Tempo de Manobra;21/08/2026, 19:25:24
KQS4378;FAJE LOGISTICA E TRANSPORTE;Caminhão;Início do Tempo de Manobra;21/08/2026, 19:20:23
TFE6H05;CONSTRUTORA CENTRO LESTE S/A;Caminhão;Veículo Desbloqueado;21/08/2026, 19:14:08
TFE6H05;CONSTRUTORA CENTRO LESTE S/A;Caminhão;Teste Realizado;21/08/2026, 19:14:06
KQS4378;FAJE LOGISTICA E TRANSPORTE;Caminhão;Veículo Desbloqueado;21/08/2026, 19:14:04
TFE6H05;CONSTRUTORA CENTRO LESTE S/A;Caminhão;Leitura Sem Álcool;21/08/2026, 19:14:03
KQS4378;FAJE LOGISTICA E TRANSPORTE;Caminhão;Teste Realizado;21/08/2026, 19:14:01
KQS4378;FAJE LOGISTICA E TRANSPORTE;Caminhão;Leitura Sem Álcool;21/08/2026, 19:13:58
TFE6H05;CONSTRUTORA CENTRO LESTE S/A;Caminhão;Sopro Realizado;21/08/2026, 19:13:43
KQS4378;FAJE LOGISTICA E TRANSPORTE;Caminhão;Sopro Realizado;21/08/2026, 19:13:38
KQS4378;FAJE LOGISTICA E TRANSPORTE;Caminhão;Veículo Bloqueado;21/08/2026, 19:12:45
KQS4378;FAJE LOGISTICA E TRANSPORTE;Caminhão;Fim do Tempo de Manobra;21/08/2026, 19:12:38
KQS4378;FAJE LOGISTICA E TRANSPORTE;Caminhão;Início do Tempo de Manobra;21/08/2026, 19:07:36
KQS4378;FAJE LOGISTICA E TRANSPORTE;Caminhão;Veículo Desbloqueado;21/08/2026, 18:58:21
KQS4378;FAJE LOGISTICA E TRANSPORTE;Caminhão;Teste Realizado;21/08/2026, 18:58:18
KQS4378;FAJE LOGISTICA E TRANSPORTE;Caminhão;Leitura Sem Álcool;21/08/2026, 18:58:15
KQS4378;FAJE LOGISTICA E TRANSPORTE;Caminhão;Sopro Realizado;21/08/2026, 18:57:55
LRA2597;FAJE LOGISTICA E TRANSPORTE;Caminhão;Sem Sopro;21/08/2026, 18:55:27
KQS4378;FAJE LOGISTICA E TRANSPORTE;Caminhão;Veículo Bloqueado;21/08/2026, 18:48:04
KQS4378;FAJE LOGISTICA E TRANSPORTE;Caminhão;Fim do Tempo de Manobra;21/08/2026, 18:47:57
KQS4378;FAJE LOGISTICA E TRANSPORTE;Caminhão;Início do Tempo de Manobra;21/08/2026, 18:42:55
KZI3171;SIGHIR ENTERPRISE LTDA;Caminhão;Dispositivo Inicializado;21/08/2026, 18:39:29
KQS4378;FAJE LOGISTICA E TRANSPORTE;Caminhão;Veículo Desbloqueado;21/08/2026, 18:32:38
KQS4378;FAJE LOGISTICA E TRANSPORTE;Caminhão;Teste Realizado;21/08/2026, 18:32:35
KQS4378;FAJE LOGISTICA E TRANSPORTE;Caminhão;Leitura Sem Álcool;21/08/2026, 18:32:32
KQS4378;FAJE LOGISTICA E TRANSPORTE;Caminhão;Sopro Realizado;21/08/2026, 18:32:12
RJY4B66;EXPRESSO PREDILETO;Caminhão;Sem Sopro;21/08/2026, 17:40:18
SQZ7I20;RICKER TRANSPORTES LTDA;Caminhão;Veículo Desbloqueado;21/08/2026, 17:28:32
SQZ7I20;RICKER TRANSPORTES LTDA;Caminhão;Teste Realizado;21/08/2026, 17:28:29
SQZ7I20;RICKER TRANSPORTES LTDA;Caminhão;Leitura Sem Álcool;21/08/2026, 17:28:27
SQZ7I20;RICKER TRANSPORTES LTDA;Caminhão;Sopro Realizado;21/08/2026, 17:28:07
RJY4B66;EXPRESSO PREDILETO;Caminhão;Sem Sopro;21/08/2026, 17:26:07
TUI6C37;RICKER TRANSPORTES LTDA;Caminhão;Sem Sopro;21/08/2026, 17:09:30
SRV4F51;FAJE LOGISTICA E TRANSPORTE;Caminhão;Sem Sopro;21/08/2026, 17:05:33
TUO7J31;FAJE LOGISTICA E TRANSPORTE;Caminhão;Sem Sopro;21/08/2026, 17:04:28
TUI6C37;RICKER TRANSPORTES LTDA;Caminhão;Fim do Tempo de Manobra;21/08/2026, 16:59:40
SQZ7I20;RICKER TRANSPORTES LTDA;Caminhão;Sem Sopro;21/08/2026, 16:56:10
TUH4A08;RICKER TRANSPORTES LTDA;Caminhão;Temperatura Alta;21/08/2026, 16:43:56
TUA3D42;RICKER TRANSPORTES LTDA;Caminhão;Sem Sopro;21/08/2026, 16:38:10
TUA3D42;RICKER TRANSPORTES LTDA;Caminhão;Veículo Bloqueado;21/08/2026, 16:35:42
TUA3D42;RICKER TRANSPORTES LTDA;Caminhão;Veículo Desbloqueado;21/08/2026, 16:35:39
TUA3D42;RICKER TRANSPORTES LTDA;Caminhão;Veículo Bloqueado;21/08/2026, 16:35:36
TUO7J31;FAJE LOGISTICA E TRANSPORTE;Caminhão;Sem Sopro;21/08/2026, 16:34:54
TUO7J31;FAJE LOGISTICA E TRANSPORTE;Caminhão;Temperatura Alta;21/08/2026, 16:32:59
TUH4A08;RICKER TRANSPORTES LTDA;Caminhão;Temperatura Alta;21/08/2026, 16:28:56
RKG9C70;EXPRESSO PREDILETO;Caminhão;Veículo Bloqueado;21/08/2026, 16:24:18
RKG9C70;EXPRESSO PREDILETO;Caminhão;Modo Manobrista Ativado;21/08/2026, 16:23:19
RKG9C70;EXPRESSO PREDILETO;Caminhão;Veículo desligado;21/08/2026, 16:23:19
TUO7J31;FAJE LOGISTICA E TRANSPORTE;Caminhão;Temperatura Alta;21/08/2026, 16:17:58
TUH4A08;RICKER TRANSPORTES LTDA;Caminhão;Temperatura Alta;21/08/2026, 16:13:56
RJT5E02;EXPRESSO PREDILETO;Caminhão;Sem Sopro;21/08/2026, 16:12:11
KQS4378;FAJE LOGISTICA E TRANSPORTE;Caminhão;Veículo Bloqueado;21/08/2026, 16:11:04
KQS4378;FAJE LOGISTICA E TRANSPORTE;Caminhão;Fim do Tempo de Manobra;21/08/2026, 16:10:58
KQS4378;FAJE LOGISTICA E TRANSPORTE;Caminhão;Início do Tempo de Manobra;21/08/2026, 16:05:56
SQZ7I20;RICKER TRANSPORTES LTDA;Caminhão;Veículo Bloqueado;21/08/2026, 16:05:36
SQZ7I20;RICKER TRANSPORTES LTDA;Caminhão;Fim do Tempo de Manobra;21/08/2026, 16:05:29
TUO7J31;FAJE LOGISTICA E TRANSPORTE;Caminhão;Temperatura Alta;21/08/2026, 16:02:58
RKG9C70;EXPRESSO PREDILETO;Caminhão;Veículo ligado;21/08/2026, 16:02:45
RKG9C70;EXPRESSO PREDILETO;Caminhão;Veículo Desbloqueado;21/08/2026, 16:02:39
RKG9C70;EXPRESSO PREDILETO;Caminhão;Leitura Sem Álcool;21/08/2026, 16:02:37
RKG9C70;EXPRESSO PREDILETO;Caminhão;Teste Realizado;21/08/2026, 16:02:33
RKG9C70;EXPRESSO PREDILETO;Caminhão;Sopro Realizado;21/08/2026, 16:02:13
TUH4A08;RICKER TRANSPORTES LTDA;Caminhão;Temperatura Alta;21/08/2026, 15:58:56
TTW7B29;RICKER TRANSPORTES LTDA;Caminhão;Temperatura Alta;21/08/2026, 15:55:10
KQS4378;FAJE LOGISTICA E TRANSPORTE;Caminhão;Veículo Desbloqueado;21/08/2026, 15:54:31
KQS4378;FAJE LOGISTICA E TRANSPORTE;Caminhão;Teste Realizado;21/08/2026, 15:54:28
KQS4378;FAJE LOGISTICA E TRANSPORTE;Caminhão;Leitura Sem Álcool;21/08/2026, 15:54:25
KQS4378;FAJE LOGISTICA E TRANSPORTE;Caminhão;Sopro Realizado;21/08/2026, 15:54:05
TUA3D42;RICKER TRANSPORTES LTDA;Caminhão;Temperatura Alta;21/08/2026, 15:51:52
KQS4378;FAJE LOGISTICA E TRANSPORTE;Caminhão;Veículo Bloqueado;21/08/2026, 15:48:22
KQS4378;FAJE LOGISTICA E TRANSPORTE;Caminhão;Fim do Tempo de Manobra;21/08/2026, 15:48:15
TUO7J31;FAJE LOGISTICA E TRANSPORTE;Caminhão;Temperatura Alta;21/08/2026, 15:47:58
TUH4A08;RICKER TRANSPORTES LTDA;Caminhão;Temperatura Alta;21/08/2026, 15:43:56
TTW7B29;RICKER TRANSPORTES LTDA;Caminhão;Temperatura Alta;21/08/2026, 15:40:19
KQS4378;FAJE LOGISTICA E TRANSPORTE;Caminhão;Veículo Desbloqueado;21/08/2026, 15:39:25
KQS4378;FAJE LOGISTICA E TRANSPORTE;Caminhão;Teste Realizado;21/08/2026, 15:39:22
KQS4378;FAJE LOGISTICA E TRANSPORTE;Caminhão;Leitura Sem Álcool;21/08/2026, 15:39:19
KQS4378;FAJE LOGISTICA E TRANSPORTE;Caminhão;Sopro Realizado;21/08/2026, 15:38:59
KQS4378;FAJE LOGISTICA E TRANSPORTE;Caminhão;Veículo Bloqueado;21/08/2026, 15:37:30
KQS4378;FAJE LOGISTICA E TRANSPORTE;Caminhão;Fim do Tempo de Manobra;21/08/2026, 15:37:23
TUA3D42;RICKER TRANSPORTES LTDA;Caminhão;Temperatura Alta;21/08/2026, 15:36:52
TUO7J31;FAJE LOGISTICA E TRANSPORTE;Caminhão;Temperatura Alta;21/08/2026, 15:32:58
KQS4378;FAJE LOGISTICA E TRANSPORTE;Caminhão;Início do Tempo de Manobra;21/08/2026, 15:32:22
TUH4A08;RICKER TRANSPORTES LTDA;Caminhão;Temperatura Alta;21/08/2026, 15:28:56
TTW7B29;RICKER TRANSPORTES LTDA;Caminhão;Temperatura Alta;21/08/2026, 15:25:09
TUA3D42;RICKER TRANSPORTES LTDA;Caminhão;Temperatura Alta;21/08/2026, 15:21:52
KQS4378;FAJE LOGISTICA E TRANSPORTE;Caminhão;Veículo Desbloqueado;21/08/2026, 15:19:02
KQS4378;FAJE LOGISTICA E TRANSPORTE;Caminhão;Teste Realizado;21/08/2026, 15:18:59
KQS4378;FAJE LOGISTICA E TRANSPORTE;Caminhão;Leitura Sem Álcool;21/08/2026, 15:18:56
KQS4378;FAJE LOGISTICA E TRANSPORTE;Caminhão;Sopro Realizado;21/08/2026, 15:18:37
TUO7J31;FAJE LOGISTICA E TRANSPORTE;Caminhão;Temperatura Alta;21/08/2026, 15:17:59
KZI3171;SIGHIR ENTERPRISE LTDA;Caminhão;Veículo Desbloqueado;21/08/2026, 15:15:07
KZI3171;SIGHIR ENTERPRISE LTDA;Caminhão;Desbloqueio em Modo Manobrista;21/08/2026, 15:15:05
TUH4A08;RICKER TRANSPORTES LTDA;Caminhão;Temperatura Alta;21/08/2026, 15:13:56
TTW7B29;RICKER TRANSPORTES LTDA;Caminhão;Temperatura Alta;21/08/2026, 15:10:09
TUA3D42;RICKER TRANSPORTES LTDA;Caminhão;Temperatura Alta;21/08/2026, 15:06:52
SQZ7I20;RICKER TRANSPORTES LTDA;Caminhão;Veículo Desbloqueado;21/08/2026, 15:04:43
SQZ7I20;RICKER TRANSPORTES LTDA;Caminhão;Teste Realizado;21/08/2026, 15:04:40
SQZ7I20;RICKER TRANSPORTES LTDA;Caminhão;Leitura Sem Álcool;21/08/2026, 15:04:38
SQZ7I20;RICKER TRANSPORTES LTDA;Caminhão;Sopro Realizado;21/08/2026, 15:04:18
TUO7J31;FAJE LOGISTICA E TRANSPORTE;Caminhão;Temperatura Alta;21/08/2026, 15:02:58
KQS4378;FAJE LOGISTICA E TRANSPORTE;Caminhão;Sem Sopro;21/08/2026, 14:59:45
SQZ7I20;RICKER TRANSPORTES LTDA;Caminhão;Veículo Bloqueado;21/08/2026, 14:58:05
SQZ7I20;RICKER TRANSPORTES LTDA;Caminhão;Fim do Tempo de Manobra;21/08/2026, 14:57:59
KQS4378;FAJE LOGISTICA E TRANSPORTE;Caminhão;Veículo Bloqueado;21/08/2026, 14:56:15
KQS4378;FAJE LOGISTICA E TRANSPORTE;Caminhão;Fim do Tempo de Manobra;21/08/2026, 14:56:08
TTW7B29;RICKER TRANSPORTES LTDA;Caminhão;Temperatura Alta;21/08/2026, 14:55:09
TUA3D42;RICKER TRANSPORTES LTDA;Caminhão;Temperatura Alta;21/08/2026, 14:51:52
KQS4378;FAJE LOGISTICA E TRANSPORTE;Caminhão;Início do Tempo de Manobra;21/08/2026, 14:51:06
KQS4378;FAJE LOGISTICA E TRANSPORTE;Caminhão;Veículo Desbloqueado;21/08/2026, 14:50:53
RKG9C70;EXPRESSO PREDILETO;Caminhão;Veículo Bloqueado;21/08/2026, 14:49:58
RKG9C70;EXPRESSO PREDILETO;Caminhão;Modo Manobrista Ativado;21/08/2026, 14:48:59
RKG9C70;EXPRESSO PREDILETO;Caminhão;Veículo desligado;21/08/2026, 14:48:59
RJY4B66;EXPRESSO PREDILETO;Caminhão;Sem Sopro;21/08/2026, 14:48:54
TUO7J31;FAJE LOGISTICA E TRANSPORTE;Caminhão;Temperatura Alta;21/08/2026, 14:47:58
KQS4378;FAJE LOGISTICA E TRANSPORTE;Caminhão;Início do Tempo de Manobra;21/08/2026, 14:46:05
RKG9C70;EXPRESSO PREDILETO;Caminhão;Veículo ligado;21/08/2026, 14:41:03
RKG9C70;EXPRESSO PREDILETO;Caminhão;Veículo Desbloqueado;21/08/2026, 14:40:57
RKG9C70;EXPRESSO PREDILETO;Caminhão;Leitura Sem Álcool;21/08/2026, 14:40:55
RKG9C70;EXPRESSO PREDILETO;Caminhão;Teste Realizado;21/08/2026, 14:40:51
RKG9C70;EXPRESSO PREDILETO;Caminhão;Sopro Realizado;21/08/2026, 14:40:32
TTW7B29;RICKER TRANSPORTES LTDA;Caminhão;Temperatura Alta;21/08/2026, 14:40:09
JBC1E74;RICKER TRANSPORTES LTDA;Caminhão;Sem Sopro;21/08/2026, 14:38:48
KQS4378;FAJE LOGISTICA E TRANSPORTE;Caminhão;Veículo Desbloqueado;21/08/2026, 14:37:54
KQS4378;FAJE LOGISTICA E TRANSPORTE;Caminhão;Teste Realizado;21/08/2026, 14:37:51
KQS4378;FAJE LOGISTICA E TRANSPORTE;Caminhão;Leitura Sem Álcool;21/08/2026, 14:37:48
KQS4378;FAJE LOGISTICA E TRANSPORTE;Caminhão;Sopro Realizado;21/08/2026, 14:37:28
TUA3D42;RICKER TRANSPORTES LTDA;Caminhão;Temperatura Alta;21/08/2026, 14:36:52
KQS4378;FAJE LOGISTICA E TRANSPORTE;Caminhão;Veículo Bloqueado;21/08/2026, 14:35:20
KQS4378;FAJE LOGISTICA E TRANSPORTE;Caminhão;Fim do Tempo de Manobra;21/08/2026, 14:35:13
LRA2597;FAJE LOGISTICA E TRANSPORTE;Caminhão;Sem Sopro;21/08/2026, 14:34:11
SRV4F51;FAJE LOGISTICA E TRANSPORTE;Caminhão;Sem Sopro;21/08/2026, 14:34:02
TUO7J31;FAJE LOGISTICA E TRANSPORTE;Caminhão;Temperatura Alta;21/08/2026, 14:32:58
KQS4378;FAJE LOGISTICA E TRANSPORTE;Caminhão;Início do Tempo de Manobra;21/08/2026, 14:30:12
KQS4378;FAJE LOGISTICA E TRANSPORTE;Caminhão;Veículo Desbloqueado;21/08/2026, 14:29:50
KQS4378;FAJE LOGISTICA E TRANSPORTE;Caminhão;Início do Tempo de Manobra;21/08/2026, 14:26:51
RJT5E02;EXPRESSO PREDILETO;Caminhão;Sem Sopro;21/08/2026, 14:25:27
TTW7B29;RICKER TRANSPORTES LTDA;Caminhão;Temperatura Alta;21/08/2026, 14:25:09
JBC1E74;RICKER TRANSPORTES LTDA;Caminhão;Veículo Bloqueado;21/08/2026, 14:23:30
JBC1E74;RICKER TRANSPORTES LTDA;Caminhão;Fim do Tempo de Manobra;21/08/2026, 14:23:23
TUA3D42;RICKER TRANSPORTES LTDA;Caminhão;Temperatura Alta;21/08/2026, 14:21:52
TUO7J31;FAJE LOGISTICA E TRANSPORTE;Caminhão;Temperatura Alta;21/08/2026, 14:17:58
SQZ7I20;RICKER TRANSPORTES LTDA;Caminhão;Veículo Desbloqueado;21/08/2026, 14:17:48
SQZ7I20;RICKER TRANSPORTES LTDA;Caminhão;Teste Realizado;21/08/2026, 14:17:46
SQZ7I20;RICKER TRANSPORTES LTDA;Caminhão;Leitura Sem Álcool;21/08/2026, 14:17:43
SQZ7I20;RICKER TRANSPORTES LTDA;Caminhão;Sopro Realizado;21/08/2026, 14:17:23
TTW7B29;RICKER TRANSPORTES LTDA;Caminhão;Temperatura Alta;21/08/2026, 14:10:09
SQZ7I20;RICKER TRANSPORTES LTDA;Caminhão;Veículo Bloqueado;21/08/2026, 14:08:53
SQZ7I20;RICKER TRANSPORTES LTDA;Caminhão;Fim do Tempo de Manobra;21/08/2026, 14:08:47
TUA3D42;RICKER TRANSPORTES LTDA;Caminhão;Temperatura Alta;21/08/2026, 14:06:51
KQS4378;FAJE LOGISTICA E TRANSPORTE;Caminhão;Veículo Desbloqueado;21/08/2026, 14:05:59
KQS4378;FAJE LOGISTICA E TRANSPORTE;Caminhão;Teste Realizado;21/08/2026, 14:05:57
KQS4378;FAJE LOGISTICA E TRANSPORTE;Caminhão;Leitura Sem Álcool;21/08/2026, 14:05:54
KQS4378;FAJE LOGISTICA E TRANSPORTE;Caminhão;Sopro Realizado;21/08/2026, 14:05:34
TUO7J31;FAJE LOGISTICA E TRANSPORTE;Caminhão;Temperatura Alta;21/08/2026, 14:02:58
SRV4F51;FAJE LOGISTICA E TRANSPORTE;Caminhão;Sem Sopro;21/08/2026, 14:00:53
TTW7B29;RICKER TRANSPORTES LTDA;Caminhão;Temperatura Alta;21/08/2026, 13:55:09
TUA3D42;RICKER TRANSPORTES LTDA;Caminhão;Temperatura Alta;21/08/2026, 13:51:52
JBC1E74;RICKER TRANSPORTES LTDA;Caminhão;Veículo Desbloqueado;21/08/2026, 13:49:15
JBC1E74;RICKER TRANSPORTES LTDA;Caminhão;Teste Realizado;21/08/2026, 13:49:12
JBC1E74;RICKER TRANSPORTES LTDA;Caminhão;Leitura Sem Álcool;21/08/2026, 13:49:09
JBC1E74;RICKER TRANSPORTES LTDA;Caminhão;Sopro Realizado;21/08/2026, 13:48:49
TUO7J31;FAJE LOGISTICA E TRANSPORTE;Caminhão;Temperatura Alta;21/08/2026, 13:47:58
RKG9C70;EXPRESSO PREDILETO;Caminhão;Veículo Bloqueado;21/08/2026, 13:44:35
RKG9C70;EXPRESSO PREDILETO;Caminhão;Modo Manobrista Ativado;21/08/2026, 13:43:37
RKG9C70;EXPRESSO PREDILETO;Caminhão;Veículo desligado;21/08/2026, 13:43:37
TTW7B29;RICKER TRANSPORTES LTDA;Caminhão;Temperatura Alta;21/08/2026, 13:40:09
RJT5E02;EXPRESSO PREDILETO;Caminhão;Dispositivo Inicializado;21/08/2026, 13:38:05
TUA3D42;RICKER TRANSPORTES LTDA;Caminhão;Temperatura Alta;21/08/2026, 13:36:52
RJT5E02;EXPRESSO PREDILETO;Caminhão;Início do Tempo de Manobra;21/08/2026, 13:36:29
RJT5E02;EXPRESSO PREDILETO;Caminhão;Veículo Desbloqueado;21/08/2026, 13:36:15
RJT5E02;EXPRESSO PREDILETO;Caminhão;Teste Realizado;21/08/2026, 13:36:12
RJT5E02;EXPRESSO PREDILETO;Caminhão;Leitura Sem Álcool;21/08/2026, 13:36:09
RJT5E02;EXPRESSO PREDILETO;Caminhão;Sopro Realizado;21/08/2026, 13:35:49
RKG9C70;EXPRESSO PREDILETO;Caminhão;Veículo ligado;21/08/2026, 13:34:52
RKG9C70;EXPRESSO PREDILETO;Caminhão;Veículo Desbloqueado;21/08/2026, 13:34:47
RKG9C70;EXPRESSO PREDILETO;Caminhão;Leitura Sem Álcool;21/08/2026, 13:34:44
RKG9C70;EXPRESSO PREDILETO;Caminhão;Teste Realizado;21/08/2026, 13:34:41
RKG9C70;EXPRESSO PREDILETO;Caminhão;Sopro Realizado;21/08/2026, 13:34:21
TUO7J31;FAJE LOGISTICA E TRANSPORTE;Caminhão;Temperatura Alta;21/08/2026, 13:32:58
LRA2597;FAJE LOGISTICA E TRANSPORTE;Caminhão;Sem Sopro;21/08/2026, 13:31:28
JBC1E74;RICKER TRANSPORTES LTDA;Caminhão;Veículo Bloqueado;21/08/2026, 13:29:45
JBC1E74;RICKER TRANSPORTES LTDA;Caminhão;Fim do Tempo de Manobra;21/08/2026, 13:29:38
TTW7B29;RICKER TRANSPORTES LTDA;Caminhão;Temperatura Alta;21/08/2026, 13:25:09
TUA3D42;RICKER TRANSPORTES LTDA;Caminhão;Temperatura Alta;21/08/2026, 13:21:52
JBC1E74;RICKER TRANSPORTES LTDA;Caminhão;Veículo Desbloqueado;21/08/2026, 13:18:38
JBC1E74;RICKER TRANSPORTES LTDA;Caminhão;Teste Realizado;21/08/2026, 13:18:35
JBC1E74;RICKER TRANSPORTES LTDA;Caminhão;Leitura Sem Álcool;21/08/2026, 13:18:32
JBC1E74;RICKER TRANSPORTES LTDA;Caminhão;Sopro Realizado;21/08/2026, 13:18:12
TUO7J31;FAJE LOGISTICA E TRANSPORTE;Caminhão;Temperatura Alta;21/08/2026, 13:17:58
JBC1E74;RICKER TRANSPORTES LTDA;Caminhão;Dispositivo Inicializado;21/08/2026, 13:17:06
RJT5E02;EXPRESSO PREDILETO;Caminhão;Sem Sopro;21/08/2026, 13:15:05
JBC1E74;RICKER TRANSPORTES LTDA;Caminhão;Sem Sopro;21/08/2026, 13:10:58
TTW7B29;RICKER TRANSPORTES LTDA;Caminhão;Temperatura Alta;21/08/2026, 13:10:09
TUA3D42;RICKER TRANSPORTES LTDA;Caminhão;Temperatura Alta;21/08/2026, 13:06:51
TUO7J31;FAJE LOGISTICA E TRANSPORTE;Caminhão;Temperatura Alta;21/08/2026, 13:02:58
TTW7B29;RICKER TRANSPORTES LTDA;Caminhão;Temperatura Alta;21/08/2026, 12:55:09
TUO7J31;FAJE LOGISTICA E TRANSPORTE;Caminhão;Temperatura Alta;21/08/2026, 12:53:24
TUA3D42;RICKER TRANSPORTES LTDA;Caminhão;Temperatura Alta;21/08/2026, 12:51:52
TTW7B29;RICKER TRANSPORTES LTDA;Caminhão;Temperatura Alta;21/08/2026, 12:40:09
TUA3D42;RICKER TRANSPORTES LTDA;Caminhão;Temperatura Alta;21/08/2026, 12:36:52
TUO7J31;FAJE LOGISTICA E TRANSPORTE;Caminhão;Dispositivo Inicializado;21/08/2026, 12:32:45
RJT5E02;EXPRESSO PREDILETO;Caminhão;Sem Sopro;21/08/2026, 12:30:29
RJY4B66;EXPRESSO PREDILETO;Caminhão;Sem Sopro;21/08/2026, 12:29:59
SQZ7I20;RICKER TRANSPORTES LTDA;Caminhão;Veículo Desbloqueado;21/08/2026, 12:27:07
SQZ7I20;RICKER TRANSPORTES LTDA;Caminhão;Teste Realizado;21/08/2026, 12:27:04
SQZ7I20;RICKER TRANSPORTES LTDA;Caminhão;Leitura Sem Álcool;21/08/2026, 12:27:01
SQZ7I20;RICKER TRANSPORTES LTDA;Caminhão;Sopro Realizado;21/08/2026, 12:26:41
TTW7B29;RICKER TRANSPORTES LTDA;Caminhão;Temperatura Alta;21/08/2026, 12:25:09
SQZ7I20;RICKER TRANSPORTES LTDA;Caminhão;Veículo Bloqueado;21/08/2026, 12:12:56
SQZ7I20;RICKER TRANSPORTES LTDA;Caminhão;Fim do Tempo de Manobra;21/08/2026, 12:12:50
TTW7B29;RICKER TRANSPORTES LTDA;Caminhão;Temperatura Alta;21/08/2026, 12:10:09
RJT5E02;EXPRESSO PREDILETO;Caminhão;Sem Sopro;21/08/2026, 12:09:43
JBC1E74;RICKER TRANSPORTES LTDA;Caminhão;Veículo Bloqueado;21/08/2026, 11:56:40
JBC1E74;RICKER TRANSPORTES LTDA;Caminhão;Fim do Tempo de Manobra;21/08/2026, 11:56:34
JBC1E74;RICKER TRANSPORTES LTDA;Caminhão;Veículo Desbloqueado;21/08/2026, 11:54:14
JBC1E74;RICKER TRANSPORTES LTDA;Caminhão;Teste Realizado;21/08/2026, 11:54:11
JBC1E74;RICKER TRANSPORTES LTDA;Caminhão;Leitura Sem Álcool;21/08/2026, 11:54:08
JBC1E74;RICKER TRANSPORTES LTDA;Caminhão;Sopro Realizado;21/08/2026, 11:53:48
JBC1E74;RICKER TRANSPORTES LTDA;Caminhão;Sem Sopro;21/08/2026, 11:53:29
JBC1E74;RICKER TRANSPORTES LTDA;Caminhão;Veículo Bloqueado;21/08/2026, 11:51:41
JBC1E74;RICKER TRANSPORTES LTDA;Caminhão;Fim do Tempo de Manobra;21/08/2026, 11:51:34
TUO7J31;FAJE LOGISTICA E TRANSPORTE;Caminhão;Sem Sopro;21/08/2026, 11:35:08
RJT5E02;EXPRESSO PREDILETO;Caminhão;Sem Sopro;21/08/2026, 11:19:04
RJT5E02;EXPRESSO PREDILETO;Caminhão;Sem Sopro;21/08/2026, 11:12:06
TUO7J31;FAJE LOGISTICA E TRANSPORTE;Caminhão;Sem Sopro;21/08/2026, 11:10:18
JBC1E74;RICKER TRANSPORTES LTDA;Caminhão;Veículo Desbloqueado;21/08/2026, 11:07:48
JBC1E74;RICKER TRANSPORTES LTDA;Caminhão;Teste Realizado;21/08/2026, 11:07:46
JBC1E74;RICKER TRANSPORTES LTDA;Caminhão;Leitura Sem Álcool;21/08/2026, 11:07:43
JBC1E74;RICKER TRANSPORTES LTDA;Caminhão;Sopro Realizado;21/08/2026, 11:07:28
RJT5E02;EXPRESSO PREDILETO;Caminhão;Veículo Bloqueado;21/08/2026, 11:03:24
RJT5E02;EXPRESSO PREDILETO;Caminhão;Fim do Tempo de Manobra;21/08/2026, 11:03:17
KZI3171;SIGHIR ENTERPRISE LTDA;Caminhão;Veículo Desbloqueado;21/08/2026, 11:01:58
KZI3171;SIGHIR ENTERPRISE LTDA;Caminhão;Veículo Desbloqueado;21/08/2026, 11:01:58
SQZ7I20;RICKER TRANSPORTES LTDA;Caminhão;Veículo Desbloqueado;21/08/2026, 10:59:27
SQZ7I20;RICKER TRANSPORTES LTDA;Caminhão;Teste Realizado;21/08/2026, 10:59:24
SQZ7I20;RICKER TRANSPORTES LTDA;Caminhão;Leitura Sem Álcool;21/08/2026, 10:59:22
SQZ7I20;RICKER TRANSPORTES LTDA;Caminhão;Sopro Realizado;21/08/2026, 10:59:02
RJT5E02;EXPRESSO PREDILETO;Caminhão;Início do Tempo de Manobra;21/08/2026, 10:58:16
TUA3D42;RICKER TRANSPORTES LTDA;Caminhão;Sem Sopro;21/08/2026, 10:57:12
TUA3D42;RICKER TRANSPORTES LTDA;Caminhão;Veículo Bloqueado;21/08/2026, 10:54:56
TUA3D42;RICKER TRANSPORTES LTDA;Caminhão;Fim do Tempo de Manobra;21/08/2026, 10:54:50
SRV4F51;FAJE LOGISTICA E TRANSPORTE;Caminhão;Sem Sopro;21/08/2026, 10:45:10
JBC1E74;RICKER TRANSPORTES LTDA;Caminhão;Veículo Bloqueado;21/08/2026, 10:34:45
TUO7J31;FAJE LOGISTICA E TRANSPORTE;Caminhão;Sem Sopro;21/08/2026, 10:34:42
JBC1E74;RICKER TRANSPORTES LTDA;Caminhão;Fim do Tempo de Manobra;21/08/2026, 10:34:38
RJY4B66;EXPRESSO PREDILETO;Caminhão;Veículo Bloqueado;21/08/2026, 10:11:37
RJY4B66;EXPRESSO PREDILETO;Caminhão;Fim do Tempo de Manobra;21/08/2026, 10:11:31
TTW7B29;RICKER TRANSPORTES LTDA;Caminhão;Fim do Tempo de Manobra;21/08/2026, 10:06:23
KQS4378;FAJE LOGISTICA E TRANSPORTE;Caminhão;Veículo Bloqueado;21/08/2026, 10:04:47
KQS4378;FAJE LOGISTICA E TRANSPORTE;Caminhão;Fim do Tempo de Manobra;21/08/2026, 10:04:40
RJY4B66;EXPRESSO PREDILETO;Caminhão;Veículo Desbloqueado;21/08/2026, 10:01:20
RJY4B66;EXPRESSO PREDILETO;Caminhão;Teste Realizado;21/08/2026, 10:01:11
RJY4B66;EXPRESSO PREDILETO;Caminhão;Leitura Sem Álcool;21/08/2026, 10:01:10
RJY4B66;EXPRESSO PREDILETO;Caminhão;Sopro Realizado;21/08/2026, 10:00:48
RJY4B66;EXPRESSO PREDILETO;Caminhão;Sem Sopro;21/08/2026, 09:59:49
KQS4378;FAJE LOGISTICA E TRANSPORTE;Caminhão;Início do Tempo de Manobra;21/08/2026, 09:59:39
KQS4378;FAJE LOGISTICA E TRANSPORTE;Caminhão;Veículo Desbloqueado;21/08/2026, 09:52:00
KQS4378;FAJE LOGISTICA E TRANSPORTE;Caminhão;Teste Realizado;21/08/2026, 09:51:57
KQS4378;FAJE LOGISTICA E TRANSPORTE;Caminhão;Leitura Sem Álcool;21/08/2026, 09:51:54
KQS4378;FAJE LOGISTICA E TRANSPORTE;Caminhão;Sopro Realizado;21/08/2026, 09:51:34
LRA2597;FAJE LOGISTICA E TRANSPORTE;Caminhão;Sem Sopro;21/08/2026, 09:49:44
RJT5E02;EXPRESSO PREDILETO;Caminhão;Veículo Desbloqueado;21/08/2026, 09:47:00
RJT5E02;EXPRESSO PREDILETO;Caminhão;Teste Realizado;21/08/2026, 09:46:58
RJT5E02;EXPRESSO PREDILETO;Caminhão;Leitura Sem Álcool;21/08/2026, 09:46:55
RJT5E02;EXPRESSO PREDILETO;Caminhão;Sopro Realizado;21/08/2026, 09:46:35
TUA3D42;RICKER TRANSPORTES LTDA;Caminhão;Veículo Desbloqueado;21/08/2026, 09:43:08
TUA3D42;RICKER TRANSPORTES LTDA;Caminhão;Teste Realizado;21/08/2026, 09:43:05
TUA3D42;RICKER TRANSPORTES LTDA;Caminhão;Leitura Sem Álcool;21/08/2026, 09:43:02
TUA3D42;RICKER TRANSPORTES LTDA;Caminhão;Sopro Realizado;21/08/2026, 09:42:48
SQZ7I20;RICKER TRANSPORTES LTDA;Caminhão;Veículo Bloqueado;21/08/2026, 09:40:24
SQZ7I20;RICKER TRANSPORTES LTDA;Caminhão;Fim do Tempo de Manobra;21/08/2026, 09:40:18
RJY4B66;EXPRESSO PREDILETO;Caminhão;Veículo Bloqueado;21/08/2026, 09:26:04
RJY4B66;EXPRESSO PREDILETO;Caminhão;Fim do Tempo de Manobra;21/08/2026, 09:26:03
SQZ7I20;RICKER TRANSPORTES LTDA;Caminhão;Veículo Desbloqueado;21/08/2026, 09:23:54
SQZ7I20;RICKER TRANSPORTES LTDA;Caminhão;Teste Realizado;21/08/2026, 09:23:51
SQZ7I20;RICKER TRANSPORTES LTDA;Caminhão;Leitura Sem Álcool;21/08/2026, 09:23:48
SQZ7I20;RICKER TRANSPORTES LTDA;Caminhão;Sopro Realizado;21/08/2026, 09:23:28
LRA2597;FAJE LOGISTICA E TRANSPORTE;Caminhão;Sem Sopro;21/08/2026, 09:20:34
TUA3D42;RICKER TRANSPORTES LTDA;Caminhão;Sem Sopro;21/08/2026, 09:20:25
SQZ7I20;RICKER TRANSPORTES LTDA;Caminhão;Veículo Bloqueado;21/08/2026, 09:10:21
SQZ7I20;RICKER TRANSPORTES LTDA;Caminhão;Fim do Tempo de Manobra;21/08/2026, 09:10:15
TUA3D42;RICKER TRANSPORTES LTDA;Caminhão;Veículo Bloqueado;21/08/2026, 09:05:57
TUA3D42;RICKER TRANSPORTES LTDA;Caminhão;Fim do Tempo de Manobra;21/08/2026, 09:05:51
SQZ7I20;RICKER TRANSPORTES LTDA;Caminhão;Veículo Desbloqueado;21/08/2026, 09:05:37
SQZ7I20;RICKER TRANSPORTES LTDA;Caminhão;Teste Realizado;21/08/2026, 09:05:34
SQZ7I20;RICKER TRANSPORTES LTDA;Caminhão;Leitura Sem Álcool;21/08/2026, 09:05:31
SQZ7I20;RICKER TRANSPORTES LTDA;Caminhão;Sopro Realizado;21/08/2026, 09:05:11
TUA3D42;RICKER TRANSPORTES LTDA;Caminhão;Veículo Desbloqueado;21/08/2026, 08:54:59
TUA3D42;RICKER TRANSPORTES LTDA;Caminhão;Teste Realizado;21/08/2026, 08:54:56
TUA3D42;RICKER TRANSPORTES LTDA;Caminhão;Leitura Sem Álcool;21/08/2026, 08:54:53
TUA3D42;RICKER TRANSPORTES LTDA;Caminhão;Sopro Realizado;21/08/2026, 08:54:34
SQZ7I20;RICKER TRANSPORTES LTDA;Caminhão;Veículo Bloqueado;21/08/2026, 08:52:21
SQZ7I20;RICKER TRANSPORTES LTDA;Caminhão;Fim do Tempo de Manobra;21/08/2026, 08:52:14
RKG9C70;EXPRESSO PREDILETO;Caminhão;Veículo Bloqueado;21/08/2026, 08:47:39
RJK1D03;EXPRESSO PREDILETO;Caminhão;Dispositivo Inicializado;21/08/2026, 08:47:20
TUA3D42;RICKER TRANSPORTES LTDA;Caminhão;Veículo Bloqueado;21/08/2026, 08:47:11
TUA3D42;RICKER TRANSPORTES LTDA;Caminhão;Fim do Tempo de Manobra;21/08/2026, 08:47:05
RKG9C70;EXPRESSO PREDILETO;Caminhão;Modo Manobrista Ativado;21/08/2026, 08:46:40
RKG9C70;EXPRESSO PREDILETO;Caminhão;Veículo desligado;21/08/2026, 08:46:40
TTW7B29;RICKER TRANSPORTES LTDA;Caminhão;Veículo Desbloqueado;21/08/2026, 08:46:17
TTW7B29;RICKER TRANSPORTES LTDA;Caminhão;Teste Realizado;21/08/2026, 08:46:14
TTW7B29;RICKER TRANSPORTES LTDA;Caminhão;Leitura Sem Álcool;21/08/2026, 08:46:11
TTW7B29;RICKER TRANSPORTES LTDA;Caminhão;Sopro Realizado;21/08/2026, 08:45:51
TUI6C37;RICKER TRANSPORTES LTDA;Caminhão;Veículo Desbloqueado;21/08/2026, 08:37:12
TUI6C37;RICKER TRANSPORTES LTDA;Caminhão;Teste Realizado;21/08/2026, 08:37:10
TUI6C37;RICKER TRANSPORTES LTDA;Caminhão;Leitura Sem Álcool;21/08/2026, 08:37:07
TUI6C37;RICKER TRANSPORTES LTDA;Caminhão;Sopro Realizado;21/08/2026, 08:36:47
RKG9C70;EXPRESSO PREDILETO;Caminhão;Veículo ligado;21/08/2026, 08:30:38
TTW7B29;RICKER TRANSPORTES LTDA;Caminhão;Sem Sopro;21/08/2026, 08:30:37
RKG9C70;EXPRESSO PREDILETO;Caminhão;Veículo Desbloqueado;21/08/2026, 08:30:32
RKG9C70;EXPRESSO PREDILETO;Caminhão;Leitura Sem Álcool;21/08/2026, 08:30:29
RKG9C70;EXPRESSO PREDILETO;Caminhão;Teste Realizado;21/08/2026, 08:30:26
RKG9C70;EXPRESSO PREDILETO;Caminhão;Sopro Realizado;21/08/2026, 08:30:06
RKG9C70;EXPRESSO PREDILETO;Caminhão;Veículo desligado;21/08/2026, 08:23:36
RKG9C70;EXPRESSO PREDILETO;Caminhão;Veículo ligado;21/08/2026, 08:23:29
RKG9C70;EXPRESSO PREDILETO;Caminhão;Veículo Bloqueado;21/08/2026, 08:23:27
RKG9C70;EXPRESSO PREDILETO;Caminhão;Sem Sopro;21/08/2026, 08:23:25
SQZ7I20;RICKER TRANSPORTES LTDA;Caminhão;Veículo Desbloqueado;21/08/2026, 08:21:58
TUA3D42;RICKER TRANSPORTES LTDA;Caminhão;Veículo Desbloqueado;21/08/2026, 08:21:57
SQZ7I20;RICKER TRANSPORTES LTDA;Caminhão;Teste Realizado;21/08/2026, 08:21:55
TUA3D42;RICKER TRANSPORTES LTDA;Caminhão;Teste Realizado;21/08/2026, 08:21:54
SQZ7I20;RICKER TRANSPORTES LTDA;Caminhão;Leitura Sem Álcool;21/08/2026, 08:21:53
TUA3D42;RICKER TRANSPORTES LTDA;Caminhão;Leitura Sem Álcool;21/08/2026, 08:21:51
SQZ7I20;RICKER TRANSPORTES LTDA;Caminhão;Sopro Realizado;21/08/2026, 08:21:33
TUA3D42;RICKER TRANSPORTES LTDA;Caminhão;Sopro Realizado;21/08/2026, 08:21:31
SQZ7I20;RICKER TRANSPORTES LTDA;Caminhão;Sem Sopro;21/08/2026, 08:19:14
TUA3D42;RICKER TRANSPORTES LTDA;Caminhão;Veículo Bloqueado;21/08/2026, 08:15:09
TUA3D42;RICKER TRANSPORTES LTDA;Caminhão;Fim do Tempo de Manobra;21/08/2026, 08:15:04
TUA3D42;RICKER TRANSPORTES LTDA;Caminhão;Veículo Desbloqueado;21/08/2026, 08:08:52
TUA3D42;RICKER TRANSPORTES LTDA;Caminhão;Teste Realizado;21/08/2026, 08:08:49
TUA3D42;RICKER TRANSPORTES LTDA;Caminhão;Leitura Sem Álcool;21/08/2026, 08:08:46
TUA3D42;RICKER TRANSPORTES LTDA;Caminhão;Sopro Realizado;21/08/2026, 08:08:26
TUA3D42;RICKER TRANSPORTES LTDA;Caminhão;Sem Sopro;21/08/2026, 07:53:54
KZI3171;SIGHIR ENTERPRISE LTDA;Caminhão;Modo Manobrista Ativado;21/08/2026, 07:49:01
LRA2597;FAJE LOGISTICA E TRANSPORTE;Caminhão;Sem Sopro;21/08/2026, 07:48:56
SQZ7I20;RICKER TRANSPORTES LTDA;Caminhão;Veículo Bloqueado;21/08/2026, 07:46:39
SQZ7I20;RICKER TRANSPORTES LTDA;Caminhão;Fim do Tempo de Manobra;21/08/2026, 07:46:30
KZI3171;SIGHIR ENTERPRISE LTDA;Caminhão;Veículo Desbloqueado;21/08/2026, 07:44:14
KZI3171;SIGHIR ENTERPRISE LTDA;Caminhão;Teste Realizado;21/08/2026, 07:44:11
KZI3171;SIGHIR ENTERPRISE LTDA;Caminhão;Leitura Sem Álcool;21/08/2026, 07:44:09
KZI3171;SIGHIR ENTERPRISE LTDA;Caminhão;Sopro Realizado;21/08/2026, 07:43:49
SRV4F51;FAJE LOGISTICA E TRANSPORTE;Caminhão;Sem Sopro;21/08/2026, 07:34:07
KZI3171;SIGHIR ENTERPRISE LTDA;Caminhão;Veículo Bloqueado;21/08/2026, 07:32:58
KZI3171;SIGHIR ENTERPRISE LTDA;Caminhão;Veículo Bloqueado;21/08/2026, 07:32:57
KZI3171;SIGHIR ENTERPRISE LTDA;Caminhão;Fim do Tempo de Manobra;21/08/2026, 07:32:50
KZI3171;SIGHIR ENTERPRISE LTDA;Caminhão;Início do Tempo de Manobra;21/08/2026, 07:27:49
KZI3171;SIGHIR ENTERPRISE LTDA;Caminhão;Veículo Desbloqueado;21/08/2026, 07:26:30
KZI3171;SIGHIR ENTERPRISE LTDA;Caminhão;Teste Realizado;21/08/2026, 07:26:27
KZI3171;SIGHIR ENTERPRISE LTDA;Caminhão;Leitura Sem Álcool;21/08/2026, 07:26:24
KZI3171;SIGHIR ENTERPRISE LTDA;Caminhão;Sopro Realizado;21/08/2026, 07:26:04
LRA2597;FAJE LOGISTICA E TRANSPORTE;Caminhão;Sem Sopro;21/08/2026, 07:22:42
SQZ7I20;RICKER TRANSPORTES LTDA;Caminhão;Veículo Desbloqueado;21/08/2026, 07:18:08
SQZ7I20;RICKER TRANSPORTES LTDA;Caminhão;Teste Realizado;21/08/2026, 07:18:05
SQZ7I20;RICKER TRANSPORTES LTDA;Caminhão;Leitura Sem Álcool;21/08/2026, 07:18:02
SQZ7I20;RICKER TRANSPORTES LTDA;Caminhão;Sopro Realizado;21/08/2026, 07:17:42
JBC1E74;RICKER TRANSPORTES LTDA;Caminhão;Veículo Desbloqueado;21/08/2026, 07:10:49
JBC1E74;RICKER TRANSPORTES LTDA;Caminhão;Teste Realizado;21/08/2026, 07:10:42
JBC1E74;RICKER TRANSPORTES LTDA;Caminhão;Leitura Sem Álcool;21/08/2026, 07:10:22
JBC1E74;RICKER TRANSPORTES LTDA;Caminhão;Sopro Realizado;21/08/2026, 07:10:02
JBC1E74;RICKER TRANSPORTES LTDA;Caminhão;Sem Sopro;21/08/2026, 07:09:37
JBC1E74;RICKER TRANSPORTES LTDA;Caminhão;Sem Sopro;21/08/2026, 07:08:43
TFE6H05;CONSTRUTORA CENTRO LESTE S/A;Caminhão;Veículo Bloqueado;21/08/2026, 07:00:56
TFE6H05;CONSTRUTORA CENTRO LESTE S/A;Caminhão;Fim do Tempo de Manobra;21/08/2026, 07:00:49
TFE6H05;CONSTRUTORA CENTRO LESTE S/A;Caminhão;Início do Tempo de Manobra;21/08/2026, 07:00:17
TFE6H05;CONSTRUTORA CENTRO LESTE S/A;Caminhão;Veículo Desbloqueado;21/08/2026, 06:56:21
TFE6H05;CONSTRUTORA CENTRO LESTE S/A;Caminhão;Teste Realizado;21/08/2026, 06:56:19
TFE6H05;CONSTRUTORA CENTRO LESTE S/A;Caminhão;Leitura Sem Álcool;21/08/2026, 06:56:15
TFE6H05;CONSTRUTORA CENTRO LESTE S/A;Caminhão;Sopro Realizado;21/08/2026, 06:55:56
TFE6H05;CONSTRUTORA CENTRO LESTE S/A;Caminhão;Veículo Bloqueado;21/08/2026, 06:36:57
TFE6H05;CONSTRUTORA CENTRO LESTE S/A;Caminhão;Fim do Tempo de Manobra;21/08/2026, 06:36:50
TFE6H05;CONSTRUTORA CENTRO LESTE S/A;Caminhão;Início do Tempo de Manobra;21/08/2026, 06:36:19
RJY4B66;EXPRESSO PREDILETO;Caminhão;Veículo Desbloqueado;21/08/2026, 06:35:45
RJY4B66;EXPRESSO PREDILETO;Caminhão;Teste Realizado;21/08/2026, 06:35:42
RJY4B66;EXPRESSO PREDILETO;Caminhão;Leitura Sem Álcool;21/08/2026, 06:35:40
RJY4B66;EXPRESSO PREDILETO;Caminhão;Sopro Realizado;21/08/2026, 06:35:22
TUI6C37;RICKER TRANSPORTES LTDA;Caminhão;Veículo Bloqueado;21/08/2026, 06:15:57
TUI6C37;RICKER TRANSPORTES LTDA;Caminhão;Fim do Tempo de Manobra;21/08/2026, 06:15:50
TFE6H05;CONSTRUTORA CENTRO LESTE S/A;Caminhão;Veículo Desbloqueado;21/08/2026, 06:15:31
TFE6H05;CONSTRUTORA CENTRO LESTE S/A;Caminhão;Teste Realizado;21/08/2026, 06:15:28
TFE6H05;CONSTRUTORA CENTRO LESTE S/A;Caminhão;Leitura Sem Álcool;21/08/2026, 06:15:25
TFE6H05;CONSTRUTORA CENTRO LESTE S/A;Caminhão;Sopro Realizado;21/08/2026, 06:15:05
TUI6C37;RICKER TRANSPORTES LTDA;Caminhão;Veículo Desbloqueado;21/08/2026, 02:57:10
TUI6C37;RICKER TRANSPORTES LTDA;Caminhão;Teste Realizado;21/08/2026, 02:57:07
TUI6C37;RICKER TRANSPORTES LTDA;Caminhão;Leitura Sem Álcool;21/08/2026, 02:57:04
TUI6C37;RICKER TRANSPORTES LTDA;Caminhão;Sopro Realizado;21/08/2026, 02:56:44
JBC1E74;RICKER TRANSPORTES LTDA;Caminhão;Sem Sopro;21/08/2026, 01:43:30
JBC1E74;RICKER TRANSPORTES LTDA;Caminhão;Veículo Bloqueado;21/08/2026, 01:41:10
JBC1E74;RICKER TRANSPORTES LTDA;Caminhão;Fim do Tempo de Manobra;21/08/2026, 01:41:04
JBC1E74;RICKER TRANSPORTES LTDA;Caminhão;Veículo Desbloqueado;21/08/2026, 00:57:43
JBC1E74;RICKER TRANSPORTES LTDA;Caminhão;Teste Realizado;21/08/2026, 00:57:40
JBC1E74;RICKER TRANSPORTES LTDA;Caminhão;Leitura Sem Álcool;21/08/2026, 00:57:37
JBC1E74;RICKER TRANSPORTES LTDA;Caminhão;Sopro Realizado;21/08/2026, 00:57:17
JBC1E74;RICKER TRANSPORTES LTDA;Caminhão;Veículo Bloqueado;21/08/2026, 00:29:06
JBC1E74;RICKER TRANSPORTES LTDA;Caminhão;Fim do Tempo de Manobra;21/08/2026, 00:28:59
KZI3171;SIGHIR ENTERPRISE LTDA;Caminhão;Veículo Desbloqueado;20/08/2026, 23:14:24
KZI3171;SIGHIR ENTERPRISE LTDA;Caminhão;Desbloqueio em Modo Manobrista;20/08/2026, 23:14:22
JBC1E74;RICKER TRANSPORTES LTDA;Caminhão;Veículo Desbloqueado;20/08/2026, 23:12:13
JBC1E74;RICKER TRANSPORTES LTDA;Caminhão;Teste Realizado;20/08/2026, 23:12:10
JBC1E74;RICKER TRANSPORTES LTDA;Caminhão;Leitura Sem Álcool;20/08/2026, 23:12:07
JBC1E74;RICKER TRANSPORTES LTDA;Caminhão;Sopro Realizado;20/08/2026, 23:11:48
JBC1E74;RICKER TRANSPORTES LTDA;Caminhão;Veículo Bloqueado;20/08/2026, 22:52:55
JBC1E74;RICKER TRANSPORTES LTDA;Caminhão;Fim do Tempo de Manobra;20/08/2026, 22:52:48
JBC1E74;RICKER TRANSPORTES LTDA;Caminhão;Veículo Desbloqueado;20/08/2026, 22:51:26
JBC1E74;RICKER TRANSPORTES LTDA;Caminhão;Teste Realizado;20/08/2026, 22:51:23
JBC1E74;RICKER TRANSPORTES LTDA;Caminhão;Leitura Sem Álcool;20/08/2026, 22:51:20
JBC1E74;RICKER TRANSPORTES LTDA;Caminhão;Sopro Realizado;20/08/2026, 22:51:00
JBC1E74;RICKER TRANSPORTES LTDA;Caminhão;Veículo Bloqueado;20/08/2026, 22:21:31
JBC1E74;RICKER TRANSPORTES LTDA;Caminhão;Fim do Tempo de Manobra;20/08/2026, 22:21:24
JBC1E74;RICKER TRANSPORTES LTDA;Caminhão;Veículo Desbloqueado;20/08/2026, 21:24:23
JBC1E74;RICKER TRANSPORTES LTDA;Caminhão;Teste Realizado;20/08/2026, 21:24:20
JBC1E74;RICKER TRANSPORTES LTDA;Caminhão;Leitura Sem Álcool;20/08/2026, 21:24:17
JBC1E74;RICKER TRANSPORTES LTDA;Caminhão;Sopro Realizado;20/08/2026, 21:23:57
TUI6C37;RICKER TRANSPORTES LTDA;Caminhão;Veículo Bloqueado;20/08/2026, 21:17:07
TUI6C37;RICKER TRANSPORTES LTDA;Caminhão;Fim do Tempo de Manobra;20/08/2026, 21:17:01
JBC1E74;RICKER TRANSPORTES LTDA;Caminhão;Veículo Bloqueado;20/08/2026, 21:10:03
JBC1E74;RICKER TRANSPORTES LTDA;Caminhão;Fim do Tempo de Manobra;20/08/2026, 21:09:56
TUO7J31;FAJE LOGISTICA E TRANSPORTE;Caminhão;Veículo Bloqueado;20/08/2026, 20:44:14
TUO7J31;FAJE LOGISTICA E TRANSPORTE;Caminhão;Fim do Tempo de Manobra;20/08/2026, 20:44:07
TUO7J31;FAJE LOGISTICA E TRANSPORTE;Caminhão;Início do Tempo de Manobra;20/08/2026, 20:39:06
JBC1E74;RICKER TRANSPORTES LTDA;Caminhão;Veículo Desbloqueado;20/08/2026, 20:24:59
JBC1E74;RICKER TRANSPORTES LTDA;Caminhão;Teste Realizado;20/08/2026, 20:24:55
JBC1E74;RICKER TRANSPORTES LTDA;Caminhão;Leitura Sem Álcool;20/08/2026, 20:24:55
JBC1E74;RICKER TRANSPORTES LTDA;Caminhão;Sopro Realizado;20/08/2026, 20:24:33
JBC1E74;RICKER TRANSPORTES LTDA;Caminhão;Sem Sopro;20/08/2026, 20:21:43
LRA2597;FAJE LOGISTICA E TRANSPORTE;Caminhão;Sem Sopro;20/08/2026, 20:16:45
LRA2597;FAJE LOGISTICA E TRANSPORTE;Caminhão;Sem Sopro;20/08/2026, 20:09:56
LRA2597;FAJE LOGISTICA E TRANSPORTE;Caminhão;Dispositivo Inicializado;20/08/2026, 20:09:53
LRA2597;FAJE LOGISTICA E TRANSPORTE;Caminhão;Sem Sopro;20/08/2026, 20:09:53
LRA2597;FAJE LOGISTICA E TRANSPORTE;Caminhão;Sem Sopro;20/08/2026, 19:59:15
TFE6H05;CONSTRUTORA CENTRO LESTE S/A;Caminhão;Veículo Bloqueado;20/08/2026, 19:57:39
TFE6H05;CONSTRUTORA CENTRO LESTE S/A;Caminhão;Fim do Tempo de Manobra;20/08/2026, 19:57:32
TFE6H05;CONSTRUTORA CENTRO LESTE S/A;Caminhão;Início do Tempo de Manobra;20/08/2026, 19:57:00
JBC1E74;RICKER TRANSPORTES LTDA;Caminhão;Veículo Bloqueado;20/08/2026, 19:46:50
JBC1E74;RICKER TRANSPORTES LTDA;Caminhão;Fim do Tempo de Manobra;20/08/2026, 19:46:43
TFE6H05;CONSTRUTORA CENTRO LESTE S/A;Caminhão;Veículo Desbloqueado;20/08/2026, 19:45:08
TFE6H05;CONSTRUTORA CENTRO LESTE S/A;Caminhão;Teste Realizado;20/08/2026, 19:45:05
TFE6H05;CONSTRUTORA CENTRO LESTE S/A;Caminhão;Leitura Sem Álcool;20/08/2026, 19:45:02
TFE6H05;CONSTRUTORA CENTRO LESTE S/A;Caminhão;Sopro Realizado;20/08/2026, 19:44:42
TUA3D42;RICKER TRANSPORTES LTDA;Caminhão;Dispositivo Inicializado;20/08/2026, 19:28:14
TUA3D42;RICKER TRANSPORTES LTDA;Caminhão;Veículo Bloqueado;20/08/2026, 19:27:22
TUA3D42;RICKER TRANSPORTES LTDA;Caminhão;Fim do Tempo de Manobra;20/08/2026, 19:27:16
RJY4B66;EXPRESSO PREDILETO;Caminhão;Veículo Bloqueado;20/08/2026, 19:19:48
RJY4B66;EXPRESSO PREDILETO;Caminhão;Fim do Tempo de Manobra;20/08/2026, 19:19:47
TUI6C37;RICKER TRANSPORTES LTDA;Caminhão;Veículo Desbloqueado;20/08/2026, 19:17:17
TUI6C37;RICKER TRANSPORTES LTDA;Caminhão;Teste Realizado;20/08/2026, 19:17:14
TUI6C37;RICKER TRANSPORTES LTDA;Caminhão;Leitura Sem Álcool;20/08/2026, 19:17:11
TUI6C37;RICKER TRANSPORTES LTDA;Caminhão;Sopro Realizado;20/08/2026, 19:16:51
TUA3D42;RICKER TRANSPORTES LTDA;Caminhão;Veículo Desbloqueado;20/08/2026, 19:11:54
TUA3D42;RICKER TRANSPORTES LTDA;Caminhão;Teste Realizado;20/08/2026, 19:11:51
TUA3D42;RICKER TRANSPORTES LTDA;Caminhão;Leitura Sem Álcool;20/08/2026, 19:11:48
KZI3171;SIGHIR ENTERPRISE LTDA;Caminhão;Veículo Desbloqueado;20/08/2026, 19:11:32
KZI3171;SIGHIR ENTERPRISE LTDA;Caminhão;Desbloqueio em Modo Manobrista;20/08/2026, 19:11:30
TUA3D42;RICKER TRANSPORTES LTDA;Caminhão;Sopro Realizado;20/08/2026, 19:11:28
TUA3D42;RICKER TRANSPORTES LTDA;Caminhão;Dispositivo Inicializado;20/08/2026, 19:10:19
KZI3171;SIGHIR ENTERPRISE LTDA;Caminhão;Veículo Desbloqueado;20/08/2026, 18:55:42
KZI3171;SIGHIR ENTERPRISE LTDA;Caminhão;Desbloqueio em Modo Manobrista;20/08/2026, 18:55:39
TUA3D42;RICKER TRANSPORTES LTDA;Caminhão;Sem Sopro;20/08/2026, 18:53:32
TUA3D42;RICKER TRANSPORTES LTDA;Caminhão;Dispositivo Inicializado;20/08/2026, 18:51:07
TUA3D42;RICKER TRANSPORTES LTDA;Caminhão;Veículo Bloqueado;20/08/2026, 18:50:52
TUA3D42;RICKER TRANSPORTES LTDA;Caminhão;Fim do Tempo de Manobra;20/08/2026, 18:50:45
KZI3171;SIGHIR ENTERPRISE LTDA;Caminhão;Veículo Desbloqueado;20/08/2026, 18:46:29
KZI3171;SIGHIR ENTERPRISE LTDA;Caminhão;Veículo Desbloqueado;20/08/2026, 18:46:28
RJT5E02;EXPRESSO PREDILETO;Caminhão;Temperatura Alta;20/08/2026, 17:42:03
RJT5E02;EXPRESSO PREDILETO;Caminhão;Temperatura Alta;20/08/2026, 17:40:58
RJT5E02;EXPRESSO PREDILETO;Caminhão;Temperatura Alta;20/08/2026, 17:39:53
RJT5E02;EXPRESSO PREDILETO;Caminhão;Temperatura Alta;20/08/2026, 17:38:48
RJT5E02;EXPRESSO PREDILETO;Caminhão;Temperatura Alta;20/08/2026, 17:37:43
RJT5E02;EXPRESSO PREDILETO;Caminhão;Temperatura Alta;20/08/2026, 17:36:38
TUH4A08;RICKER TRANSPORTES LTDA;Caminhão;Temperatura Alta;20/08/2026, 17:35:40
RJT5E02;EXPRESSO PREDILETO;Caminhão;Temperatura Alta;20/08/2026, 17:35:33
RJT5E02;EXPRESSO PREDILETO;Caminhão;Temperatura Alta;20/08/2026, 17:34:28
RJT5E02;EXPRESSO PREDILETO;Caminhão;Temperatura Alta;20/08/2026, 17:33:24
RJT5E02;EXPRESSO PREDILETO;Caminhão;Temperatura Alta;20/08/2026, 17:32:18
RJT5E02;EXPRESSO PREDILETO;Caminhão;Temperatura Alta;20/08/2026, 17:31:13
RJY4B66;EXPRESSO PREDILETO;Caminhão;Veículo Desbloqueado;20/08/2026, 17:30:36
RJY4B66;EXPRESSO PREDILETO;Caminhão;Teste Randômico Realizado;20/08/2026, 17:30:33
RJY4B66;EXPRESSO PREDILETO;Caminhão;Leitura Sem Álcool;20/08/2026, 17:30:31
RJY4B66;EXPRESSO PREDILETO;Caminhão;Sopro Realizado;20/08/2026, 17:30:14
RJT5E02;EXPRESSO PREDILETO;Caminhão;Temperatura Alta;20/08/2026, 17:30:08
RJY4B66;EXPRESSO PREDILETO;Caminhão;Teste Randômico;20/08/2026, 17:30:08
RJT5E02;EXPRESSO PREDILETO;Caminhão;Temperatura Alta;20/08/2026, 17:29:03
KQS4378;FAJE LOGISTICA E TRANSPORTE;Caminhão;Veículo Bloqueado;20/08/2026, 17:28:44
SQZ7I20;RICKER TRANSPORTES LTDA;Caminhão;Veículo Bloqueado;20/08/2026, 17:28:35
SQZ7I20;RICKER TRANSPORTES LTDA;Caminhão;Fim do Tempo de Manobra;20/08/2026, 17:28:28
RJT5E02;EXPRESSO PREDILETO;Caminhão;Temperatura Alta;20/08/2026, 17:27:58
RJT5E02;EXPRESSO PREDILETO;Caminhão;Temperatura Alta;20/08/2026, 17:26:54
RJT5E02;EXPRESSO PREDILETO;Caminhão;Temperatura Alta;20/08/2026, 17:25:48
RJT5E02;EXPRESSO PREDILETO;Caminhão;Temperatura Alta;20/08/2026, 17:24:43
RJT5E02;EXPRESSO PREDILETO;Caminhão;Temperatura Alta;20/08/2026, 17:23:38
RJT5E02;EXPRESSO PREDILETO;Caminhão;Temperatura Alta;20/08/2026, 17:22:33
RJT5E02;EXPRESSO PREDILETO;Caminhão;Temperatura Alta;20/08/2026, 17:21:28
KQS4378;FAJE LOGISTICA E TRANSPORTE;Caminhão;Teste Adiado;20/08/2026, 17:20:46
KQS4378;FAJE LOGISTICA E TRANSPORTE;Caminhão;Veículo Desbloqueado;20/08/2026, 17:20:45
TUH4A08;RICKER TRANSPORTES LTDA;Caminhão;Temperatura Alta;20/08/2026, 17:20:40
RJT5E02;EXPRESSO PREDILETO;Caminhão;Temperatura Alta;20/08/2026, 17:20:23
RJT5E02;EXPRESSO PREDILETO;Caminhão;Temperatura Alta;20/08/2026, 17:19:18
RJT5E02;EXPRESSO PREDILETO;Caminhão;Temperatura Alta;20/08/2026, 17:18:13
RJT5E02;EXPRESSO PREDILETO;Caminhão;Temperatura Alta;20/08/2026, 17:17:08
RJT5E02;EXPRESSO PREDILETO;Caminhão;Temperatura Alta;20/08/2026, 17:16:03
RJT5E02;EXPRESSO PREDILETO;Caminhão;Temperatura Alta;20/08/2026, 17:14:58
RJT5E02;EXPRESSO PREDILETO;Caminhão;Temperatura Alta;20/08/2026, 17:13:53
RJT5E02;EXPRESSO PREDILETO;Caminhão;Temperatura Alta;20/08/2026, 17:12:48
RJT5E02;EXPRESSO PREDILETO;Caminhão;Temperatura Alta;20/08/2026, 17:11:43
RJT5E02;EXPRESSO PREDILETO;Caminhão;Temperatura Alta;20/08/2026, 17:10:38
RJT5E02;EXPRESSO PREDILETO;Caminhão;Temperatura Alta;20/08/2026, 17:09:33
RJT5E02;EXPRESSO PREDILETO;Caminhão;Temperatura Alta;20/08/2026, 17:08:28
RJT5E02;EXPRESSO PREDILETO;Caminhão;Temperatura Alta;20/08/2026, 17:07:23
RJT5E02;EXPRESSO PREDILETO;Caminhão;Temperatura Alta;20/08/2026, 17:06:18
TUH4A08;RICKER TRANSPORTES LTDA;Caminhão;Temperatura Alta;20/08/2026, 17:05:40
RJT5E02;EXPRESSO PREDILETO;Caminhão;Temperatura Alta;20/08/2026, 17:05:13
RJT5E02;EXPRESSO PREDILETO;Caminhão;Temperatura Alta;20/08/2026, 17:04:08
TUO7J31;FAJE LOGISTICA E TRANSPORTE;Caminhão;Veículo Desbloqueado;20/08/2026, 17:04:07